POS,#,Name,Age,B,T,OVR,CON,GAP,POW,EYE,K's,CON vL,POW vL,CON vR,POW vR,BUN,BFH,SPE,STE,DEF,SctAcc,Year
SP,25,Michael Lorenzen,30,R,R,50,50,45,60,50,55,50,60,50,60,55,40,55,45,70,Very High,2022
SP,17,Shohei Ohtani,27,L,R,70,60,60,70,70,40,55,70,60,75,65,60,60,65,60,Very High,2022
C,15,Riley Adams,25,R,R,40,40,40,50,55,30,40,50,40,50,50,40,35,40,45,Very High,2022
C,38,Jorge Alfaro,28,R,R,45,45,40,50,35,35,50,50,45,45,55,30,45,65,60,Very High,2022
C,37,Willians Astudillo,30,R,R,45,65,35,50,25,80,70,50,60,50,60,25,35,55,35,Very High,2022
C,15,Austin Barnes,32,R,R,45,40,40,50,55,45,40,50,40,45,45,35,40,65,55,Very High,2022
C,15,Tucker Barnhart,31,S,R,45,45,45,35,55,50,40,35,45,40,65,45,35,45,70,Very High,2022
C,21,Joey Bart,25,R,R,50,50,45,55,40,40,55,55,50,55,45,30,30,30,55,Very High,2022
C,23,Christian Bethancourt,30,R,R,25,40,40,50,30,45,40,50,40,50,45,40,35,50,50,Very High,2022
C,21,Luis Campusano,23,R,R,55,50,45,50,50,50,55,55,50,50,40,30,35,35,55,Very High,2022
C,7,Victor Caratini,28,S,R,45,45,45,50,55,45,45,45,45,50,35,25,35,35,45,Very High,2022
C,2,Curt Casali,33,R,R,45,40,45,50,55,40,45,55,40,50,30,40,25,35,55,Very High,2022
C,18,Jason Castro,34,L,R,50,40,45,55,65,35,40,50,40,60,45,25,30,45,55,Very High,2022
C,23,Robinson Chirinos,37,R,R,45,40,45,50,55,35,40,55,40,50,50,30,35,35,50,Very High,2022
C,24,William Contreras,24,R,R,55,45,35,55,50,40,50,60,45,55,45,35,30,35,50,Very High,2022
C,40,Willson Contreras,29,R,R,70,45,45,60,60,40,45,60,45,60,45,35,35,45,55,Very High,2022
C,16,Travis d'Arnaud,33,R,R,45,45,45,55,50,45,45,50,45,55,45,30,30,35,50,Very High,2022
C,64,Nick Dini,28,R,R,40,45,45,55,40,50,45,55,45,50,55,40,40,65,40,Very High,2022
C,35,Elias Díaz,31,R,R,50,50,45,50,50,65,55,50,45,50,50,30,25,45,60,Very High,2022
C,36,Cam Gallagher,29,R,R,45,50,45,40,50,60,55,40,50,40,40,40,25,35,60,Very High,2022
C,33,Aramis Garcia,29,R,R,40,40,45,55,40,40,45,55,40,50,45,30,30,35,55,Very High,2022
C,8,Mitch Garver,31,R,R,70,45,45,60,60,40,50,60,45,60,50,30,30,25,55,Very High,2022
C,7,Yan Gomes,34,R,R,55,50,45,50,40,50,50,55,50,50,35,35,30,25,65,Very High,2022
C,24,Yasmani Grandal,33,S,R,80,40,40,65,75,40,40,60,40,65,45,25,35,45,60,Very High,2022
C,13,Eric Haase,29,R,R,40,40,40,55,50,35,45,55,40,55,50,30,30,35,40,Very High,2022
C,17,Austin Hedges,29,R,R,40,35,30,55,45,40,35,55,35,55,55,40,40,40,80,Very High,2022
C,28,Jonah Heim,26,S,R,40,45,45,40,45,60,50,40,45,40,50,30,30,35,60,Very High,2022
C,75,Payton Henry,24,R,R,40,40,40,50,45,35,40,55,40,50,50,45,35,40,55,Very High,2022
C,36,Jose Herrera,25,S,R,40,40,50,45,55,50,40,45,40,45,50,30,30,25,55,Very High,2022
C,66,Kyle Higashioka,31,R,R,45,40,50,60,45,40,40,60,40,60,45,45,30,30,65,Very High,2022
C,9,Danny Jansen,26,R,R,55,40,50,55,55,50,45,60,40,55,55,30,30,50,55,Very High,2022
C,27,Ryan Jeffers,24,R,R,45,40,45,55,50,35,40,60,40,55,45,25,30,35,55,Very High,2022
C,18,Carson Kelly,27,R,R,60,45,40,55,60,45,45,60,45,55,45,30,25,30,60,Very High,2022
C,30,Alejandro Kirk,23,R,R,60,50,55,55,55,70,55,55,50,55,45,25,20,25,35,Very High,2022
C,5,Andrew Knapp,30,S,R,40,40,50,35,60,35,45,40,40,35,55,25,30,40,55,Very High,2022
C,7,Andrew Knizner,27,R,R,45,50,45,50,50,60,50,50,45,50,45,40,30,45,40,Very High,2022
C,10,Bryan Lavastida,23,R,R,40,45,50,45,50,50,50,45,45,45,50,50,60,65,40,Very High,2022
C,12,Luke Maile,31,R,R,30,40,50,30,55,40,40,30,40,30,50,40,35,40,55,Very High,2022
C,15,Martin Maldonado,35,R,R,40,35,40,50,55,40,35,45,35,50,55,40,30,35,65,Very High,2022
C,12,Rafael Marchan,23,S,R,35,40,40,30,50,55,45,30,40,30,50,25,45,55,65,Very High,2022
C,33,James McCann,31,R,R,45,45,45,50,50,40,50,50,45,50,35,35,35,40,55,Very High,2022
C,21,Reese McGuire,27,L,R,45,45,50,40,45,50,45,40,45,40,55,40,30,50,65,Very High,2022
C,21,Francisco Mejía,26,S,R,55,55,65,50,40,55,50,45,55,50,55,55,35,40,45,Very High,2022
C,73,Yermin Mercedes,29,R,R,45,50,40,50,45,55,55,50,50,50,50,25,40,35,40,Very High,2022
C,4,Yadier Molina,39,R,R,45,50,40,45,35,65,50,45,50,40,40,25,20,65,60,Very High,2022
C,12,Sean Murphy,27,R,R,65,45,50,55,55,45,45,60,40,55,45,40,30,35,70,Very High,2022
C,2,Tom Murphy,31,R,R,45,40,40,55,55,35,40,55,40,55,35,30,35,35,55,Very High,2022
C,10,Omar Narvaez,30,L,R,60,50,40,50,55,55,45,45,55,50,50,40,30,30,60,Very High,2022
C,3,Tomás Nido,27,R,R,40,45,50,45,30,45,45,45,45,45,35,30,25,30,65,Very High,2022
C,26,Austin Nola,32,R,R,60,60,55,45,50,60,60,45,55,45,60,60,35,40,55,Very High,2022
C,13,Jacob Nottingham,27,R,R,35,35,40,55,50,30,40,60,35,55,50,25,35,60,40,Very High,2022
C,3,Dom Nuñez,27,L,R,40,35,45,55,65,30,30,55,35,55,55,30,40,45,50,Very High,2022
C,13,Carlos Perez,31,R,R,30,35,40,50,40,55,40,55,35,50,55,55,30,45,50,Very High,2022
C,5,Roberto Perez,33,R,R,40,35,30,55,60,35,40,60,35,50,75,35,30,40,70,Very High,2022
C,13,Salvador Perez,31,R,R,75,50,40,70,30,45,60,75,50,65,35,25,25,35,60,Very High,2022
C,9,Manny Pina,34,R,R,45,35,35,55,55,45,40,55,35,55,40,30,35,45,60,Very High,2022
C,25,Kevin Plawecki,31,R,R,45,50,55,35,50,60,50,35,50,35,55,45,30,35,50,Very High,2022
C,4,Yohel Pozo,24,R,R,40,55,45,50,30,75,55,50,55,50,50,45,35,40,45,Very High,2022
C,81,Lorenzo Quintana,33,R,R,35,45,45,50,35,50,45,50,45,50,75,30,55,60,45,Very High,2022
C,29,Cal Raleigh,25,S,R,45,45,55,55,45,45,40,55,45,55,45,30,40,40,55,Very High,2022
C,10,J.T. Realmuto,31,R,R,80,55,55,55,50,50,55,55,50,55,45,40,40,65,75,Very High,2022
C,72,Jamie Ritchie,28,R,R,40,45,50,30,55,55,50,30,45,30,50,30,35,50,35,Very High,2022
C,34,Jake Rogers,26,R,R,40,35,40,55,55,30,35,55,35,55,50,25,35,50,60,Very High,2022
C,38,Ben Rortvedt,24,L,R,30,40,40,50,50,40,35,50,40,50,45,40,35,45,45,Very High,2022
C,20,Keibert Ruiz,23,S,R,50,50,50,45,50,75,45,45,55,50,50,30,30,35,55,Very High,2022
C,28,Pedro Severino,28,R,R,45,45,40,45,50,45,50,50,45,45,45,45,45,40,50,Very High,2022
C,16,Will Smith,27,R,R,80,45,50,55,60,45,50,60,45,55,45,50,40,65,60,Very High,2022
C,58,Jacob Stallings,32,R,R,60,50,50,45,55,50,55,45,50,45,50,50,35,40,70,Very High,2022
C,33,Max Stassi,31,R,R,55,45,40,55,55,35,45,55,40,55,50,35,30,40,65,Very High,2022
C,37,Tyler Stephenson,25,R,R,65,60,50,45,55,50,65,45,55,45,45,35,35,40,55,Very High,2022
C,21,Garrett Stubbs,28,L,R,35,40,45,35,55,55,40,35,40,40,50,30,40,70,50,Very High,2022
C,24,Kurt Suzuki,38,R,R,35,40,40,45,40,55,40,45,40,45,60,35,25,35,40,Very High,2022
C,24,Gary Sánchez,29,R,R,55,40,40,65,60,40,40,70,35,65,50,35,30,60,45,Very High,2022
C,22,Luis Torrens,25,R,R,45,45,50,50,40,45,50,50,45,50,50,50,30,40,55,Very High,2022
C,39,Jose Trevino,29,R,R,40,45,50,40,30,60,50,40,45,40,55,35,30,40,75,Very High,2022
C,7,Christian Vázquez,31,R,R,50,55,40,45,45,60,55,50,55,45,35,30,40,60,70,Very High,2022
C,10,Chad Wallach,30,R,R,35,35,35,50,55,35,40,55,35,50,50,30,25,30,50,Very High,2022
C,10,Mike Zunino,31,R,R,55,35,40,70,50,30,35,70,35,70,35,35,25,40,70,Very High,2022
1B,79,José Abreu,35,R,R,55,60,55,60,50,50,65,60,60,55,45,25,35,30,60,Very High,2022
1B,99,Jesus Aguilar,31,R,R,55,55,45,60,55,50,60,60,55,60,45,45,25,35,60,Very High,2022
1B,30,Austin Allen,28,L,R,40,55,55,55,35,50,50,55,55,55,50,45,25,30,25,Very High,2022
1B,20,Pete Alonso,27,R,R,70,55,55,70,60,45,65,75,55,70,50,30,30,35,55,Very High,2022
1B,80,Seth Beer,25,L,R,50,55,50,55,50,50,50,55,55,55,50,30,30,35,35,Very High,2022
1B,19,Josh Bell,29,S,R,60,55,50,60,60,55,60,65,50,60,35,30,30,45,60,Very High,2022
1B,9,Brandon Belt,33,L,L,60,50,50,60,65,45,45,55,55,60,30,25,40,60,65,Very High,2022
1B,44,Bobby Bradley,25,L,R,35,40,45,60,50,30,35,55,40,65,50,45,30,45,50,Very High,2022
1B,77,Jonah Bride,26,R,R,40,45,50,45,55,50,45,45,45,45,55,45,45,50,60,Very High,2022
1B,8,Jake Burger,25,R,R,50,50,35,60,50,50,50,60,50,60,50,40,45,40,65,Very High,2022
1B,24,Miguel Cabrera,38,R,R,40,50,35,50,50,50,50,55,50,50,40,25,25,50,45,Very High,2022
1B,6,Yu Chang,26,R,R,40,45,55,55,45,40,50,55,45,55,55,35,40,55,45,Very High,2022
1B,2,Michael Chavis,26,R,R,45,50,45,60,40,40,50,60,50,60,45,30,35,45,55,Very High,2022
1B,26,Ji-man Choi,30,L,R,50,45,50,55,70,40,40,50,45,55,55,35,35,50,55,Very High,2022
1B,26,Garrett Cooper,31,R,R,50,50,45,50,55,45,60,55,50,50,50,25,35,30,55,Very High,2022
1B,25,C.J. Cron,32,R,R,55,50,50,60,55,50,50,60,50,60,30,30,40,40,50,Very High,2022
1B,29,Bobby Dalbec,26,R,R,45,45,45,65,50,30,45,65,40,65,50,40,40,55,65,Very High,2022
1B,16,Aledmys Diaz,31,R,R,45,50,55,45,45,60,50,45,50,45,65,35,40,55,70,Very High,2022
1B,68,Lewin Diaz,25,L,L,45,55,50,60,40,50,50,55,55,60,40,30,30,35,60,Very High,2022
1B,17,Hunter Dozier,30,R,R,45,45,55,55,55,45,50,60,45,55,45,35,35,65,60,Very High,2022
1B,2,Yandy Díaz,30,R,R,55,60,50,45,65,60,60,45,60,45,70,35,40,45,70,Very High,2022
1B,23,Ty France,27,R,R,55,65,55,50,50,55,70,55,60,50,45,35,35,50,65,Very High,2022
1B,5,Freddie Freeman,32,L,R,75,70,55,60,60,55,60,55,75,60,40,25,30,60,70,Very High,2022
1B,46,Paul Goldschmidt,34,R,R,70,65,55,60,60,50,75,65,60,60,25,35,30,65,65,Very High,2022
1B,37,Yariel Gonzalez,27,S,R,35,45,35,50,40,50,50,55,45,50,50,45,55,50,45,Very High,2022
1B,28,Niko Goodrum,30,S,R,35,40,55,50,55,40,40,45,40,50,55,55,60,70,50,Very High,2022
1B,27,Vladimir Guerrero Jr.,23,R,R,80,80,60,70,65,60,80,75,80,70,45,35,35,55,50,Very High,2022
1B,10,Yuli Gurriel,37,R,R,60,80,50,50,50,75,80,50,80,50,55,40,45,60,50,Very High,2022
1B,18,Keston Hiura,25,R,R,45,45,55,60,55,35,45,60,45,55,55,45,45,60,55,Very High,2022
1B,17,Rhys Hoskins,29,R,R,60,45,65,60,70,45,50,65,45,60,40,25,35,60,55,Very High,2022
1B,30,Eric Hosmer,32,L,L,45,55,45,45,50,55,50,45,55,50,50,35,35,55,75,Very High,2022
1B,28,Taylor Jones,28,R,R,50,50,55,50,55,45,55,55,50,50,45,25,35,40,75,Very High,2022
1B,30,Nathaniel Lowe,26,L,R,50,50,45,55,60,45,45,55,55,55,35,20,30,30,55,Very High,2022
1B,13,Brad Miller,32,L,R,50,45,40,60,60,35,40,55,45,60,60,60,45,60,65,Very High,2022
1B,16,Colin Moran,29,L,R,50,55,55,50,55,50,45,45,55,50,55,35,35,35,60,Very High,2022
1B,6,Ryan Mountcastle,25,R,R,50,55,50,60,45,45,60,60,55,55,45,40,40,50,55,Very High,2022
1B,16,Sheldon Neuse,27,R,R,40,50,45,55,45,40,50,55,45,55,55,40,35,60,45,Very High,2022
1B,34,John Nogowski,29,R,L,40,45,40,45,55,65,45,40,45,45,50,45,35,40,60,Very High,2022
1B,28,Matt Olson,28,L,R,70,55,50,65,65,50,50,65,60,70,50,25,35,35,75,Very High,2022
1B,1,Vinnie Pasquantino,24,L,L,45,55,55,55,50,60,55,55,60,55,40,30,30,45,45,Very High,2022
1B,5,Albert Pujols,42,R,R,40,50,35,55,40,65,65,60,45,55,40,25,25,65,60,Very High,2022
1B,48,Anthony Rizzo,32,L,L,60,55,45,55,60,60,50,55,55,60,45,55,30,65,70,Very High,2022
1B,12,Aderlin Rodriguez,30,R,R,40,50,45,55,40,45,55,55,45,55,50,35,35,45,50,Very High,2022
1B,33,Darin Ruf,35,R,R,55,50,50,65,55,40,55,65,50,60,45,35,30,55,55,Very High,2022
1B,41,Carlos Santana,35,S,R,45,50,35,55,70,60,55,50,50,55,40,30,35,55,40,Very High,2022
1B,22,Miguel Sanó,28,R,R,50,45,45,65,60,40,45,70,45,65,30,25,30,40,55,Very High,2022
1B,18,Frank Schwindel,29,R,R,50,60,50,60,35,60,60,60,60,60,45,25,35,35,50,Very High,2022
1B,75,Gavin Sheets,25,L,L,50,55,45,60,50,50,50,55,55,60,45,35,40,30,60,Very High,2022
1B,2,Dominic Smith,26,L,L,50,55,65,60,45,50,45,55,55,60,35,20,30,40,55,Very High,2022
1B,11,Rowdy Tellez,27,L,L,50,50,50,60,50,45,45,55,55,60,45,25,30,60,50,Very High,2022
1B,31,Matt Thaiss,26,L,R,45,45,50,50,60,45,45,50,45,50,50,30,40,55,60,Very High,2022
1B,44,Eric Thames,35,L,R,40,40,50,60,55,35,35,55,40,60,35,20,40,65,45,Very High,2022
1B,20,Spencer Torkelson,22,R,R,50,45,50,65,55,45,45,65,45,60,50,45,40,50,60,Very High,2022
1B,25,Andrew Vaughn,24,R,R,50,50,60,55,60,50,55,55,50,55,50,30,35,40,60,Very High,2022
1B,19,Daniel Vogelbach,29,L,R,50,45,40,60,75,45,35,50,50,65,30,25,25,35,40,Very High,2022
1B,21,Stephen Vogt,37,L,R,35,40,45,55,55,50,40,50,40,55,55,35,35,55,50,Very High,2022
1B,45,Luke Voit,31,R,R,55,50,40,65,60,40,55,65,50,60,45,35,30,40,50,Very High,2022
1B,19,Joey Votto,38,L,R,55,50,45,60,70,50,45,55,50,60,45,30,30,65,55,Very High,2022
1B,31,LaMonte Wade Jr.,28,L,L,55,55,50,60,55,45,50,60,55,60,55,50,40,65,55,Very High,2022
1B,53,Christian Walker,31,R,R,45,50,55,55,50,45,50,55,50,55,55,50,50,60,60,Very High,2022
1B,20,Jared Walsh,28,L,L,55,55,60,65,50,45,50,60,55,65,50,45,40,35,45,Very High,2022
1B,12,Evan White,25,R,L,35,40,40,55,45,40,40,55,40,55,65,45,35,50,75,Very High,2022
2B,17,Hanser Alberto,29,R,R,35,55,60,35,25,80,60,35,55,35,60,55,50,60,55,Very High,2022
2B,1,Ozzie Albies,25,S,R,65,50,75,55,50,50,55,55,50,55,65,60,55,70,60,Very High,2022
2B,2,Nick Allen,23,R,R,45,45,45,40,45,55,45,40,45,40,65,55,55,60,75,Very High,2022
2B,27,Jose Altuve,31,R,R,65,55,60,55,55,65,60,60,55,55,65,70,35,60,55,Very High,2022
2B,39,Christian Arroyo,26,R,R,45,50,55,50,40,50,55,50,50,50,50,35,45,55,55,Very High,2022
2B,8,Cavan Biggio,26,L,R,45,40,45,55,70,40,40,50,45,55,70,55,40,65,50,Very High,2022
2B,24,Robinson Cano,39,L,R,30,50,55,50,35,55,45,45,50,50,55,25,40,45,45,Very High,2022
2B,54,Diego Castillo,24,R,R,35,50,50,45,45,70,55,45,50,45,60,60,40,60,50,Very High,2022
2B,30,Harold Castro,28,L,R,40,65,40,30,30,55,60,30,65,30,55,50,45,55,55,Very High,2022
2B,9,Willi Castro,24,S,R,25,40,55,35,35,40,35,35,40,35,55,45,50,65,60,Very High,2022
2B,2,Jazz Chisholm Jr.,24,L,R,65,50,65,60,45,45,45,55,55,60,55,55,65,65,55,Very High,2022
2B,28,Ernie Clement,26,R,R,35,50,50,30,40,75,50,30,50,30,55,50,55,60,65,Very High,2022
2B,9,Jake Cronenworth,28,L,R,60,55,70,50,50,65,50,50,55,50,50,45,40,60,55,Very High,2022
2B,11,Charlie Culberson,32,R,R,40,50,55,50,40,45,55,50,50,45,65,40,45,60,55,Very High,2022
2B,61,Jose Devers,22,L,R,20,50,50,25,45,55,45,25,50,25,50,45,60,65,35,Very High,2022
2B,8,Brendan Donovan,25,L,R,35,45,45,40,50,50,45,40,45,45,40,30,45,60,50,Very High,2022
2B,19,Tommy Edman,26,S,R,60,60,55,40,40,70,55,40,60,40,65,55,65,65,65,Very High,2022
2B,39,Thairo Estrada,26,R,R,55,50,50,55,40,50,55,55,50,50,55,50,50,70,60,Very High,2022
2B,26,Adam Frazier,30,L,R,55,60,55,35,50,75,55,35,65,35,70,60,40,55,60,Very High,2022
2B,14,Marwin Gonzalez,33,S,R,30,45,35,45,50,50,45,45,45,45,65,55,40,60,55,Very High,2022
2B,5,Josh Harrison,34,R,R,40,55,50,30,40,70,60,30,55,30,70,65,45,60,55,Very High,2022
2B,87,Yonny Hernandez,23,S,R,30,40,40,25,65,50,40,25,40,25,65,55,65,65,55,Very High,2022
2B,1,Cesar Hernández,31,S,R,40,45,40,45,55,55,50,45,45,50,65,65,40,60,55,Very High,2022
2B,6,Jonathan India,25,R,R,70,50,60,55,55,45,55,55,50,55,50,45,40,65,50,Very High,2022
2B,5,Tony Kemp,30,L,R,60,50,50,40,65,65,45,35,55,40,60,55,45,60,55,Very High,2022
2B,4,Scott Kingery,27,R,R,20,40,55,45,45,35,40,45,40,45,60,55,55,70,55,Very High,2022
2B,8,Tommy La Stella,33,L,R,50,65,45,50,50,80,55,45,70,50,55,55,40,40,50,Very High,2022
2B,26,DJ LeMahieu,33,R,R,60,60,45,40,55,65,65,40,60,40,75,60,35,60,60,Very High,2022
2B,1,Domingo Leyba,26,S,R,35,45,50,50,50,50,50,50,45,50,65,45,50,55,50,Very High,2022
2B,8,Brandon Lowe,27,L,R,75,45,55,65,60,40,45,60,45,65,55,40,35,65,55,Very High,2022
2B,8,Jed Lowrie,37,S,R,45,50,55,50,55,55,45,45,50,50,55,25,40,40,55,Very High,2022
2B,9,Gavin Lux,24,L,R,60,50,55,50,55,50,45,50,50,50,55,55,40,65,60,Very High,2022
2B,6,Dixon Machado,30,R,R,25,35,45,30,50,50,35,30,35,30,35,50,45,60,70,Very High,2022
2B,1,Nick Madrigal,25,R,R,40,55,55,25,40,80,60,25,55,25,70,55,55,60,55,Very High,2022
2B,4,Ketel Marte,28,S,R,75,70,70,50,45,65,65,50,70,50,65,60,35,65,55,Very High,2022
2B,1,Richie Martin,27,R,R,20,35,40,30,45,45,40,35,35,30,65,55,60,60,35,Very High,2022
2B,3,Jorge Mateo,26,R,R,40,45,65,40,35,45,45,40,45,40,50,55,70,65,60,Very High,2022
2B,59,Jack Mayfield,31,R,R,45,45,50,55,40,50,45,55,45,50,55,50,45,60,60,Very High,2022
2B,8,Zach McKinstry,26,L,R,45,45,50,50,50,45,45,50,45,50,70,65,45,55,60,Very High,2022
2B,1,Jeff McNeil,29,L,R,65,75,60,40,50,75,65,35,75,40,55,45,40,55,50,Very High,2022
2B,15,Whit Merrifield,33,R,R,45,60,60,35,40,60,60,40,55,35,65,65,60,70,55,Very High,2022
2B,27,Adalberto Mondesi,26,S,R,30,50,65,55,35,40,50,55,50,50,60,70,80,75,-,Very High,2022
2B,13,Max Muncy,31,L,R,70,45,50,70,65,45,40,65,45,70,40,40,30,40,45,Very High,2022
2B,12,Rougned Odor,28,L,R,45,40,50,60,50,40,40,55,40,60,70,65,45,55,55,Very High,2022
2B,44,Hyo-jun Park,25,L,R,40,45,55,40,60,45,40,40,45,40,65,60,50,60,55,Very High,2022
2B,11,Jorge Polanco,28,S,R,65,55,55,55,50,55,45,60,55,55,65,65,45,60,60,Very High,2022
2B,7,Brendan Rodgers,25,R,R,60,55,50,50,40,55,60,55,55,50,45,40,40,55,60,Very High,2022
2B,10,Josh Rojas,27,L,R,45,50,55,45,55,50,45,45,50,45,40,35,60,65,55,Very High,2022
2B,1,Amed Rosario,26,R,R,25,55,55,45,40,55,60,45,50,45,55,50,55,70,-,Very High,2022
2B,7,Jonathan Schoop,30,R,R,45,55,55,55,35,50,55,55,55,50,60,55,40,45,50,Very High,2022
2B,32,Max Schrock,27,L,R,45,55,50,45,45,55,55,45,55,45,65,35,45,65,55,Very High,2022
2B,2,Jean Segura,32,R,R,60,65,50,40,45,70,65,40,60,40,65,60,45,60,60,Very High,2022
2B,2,Marcus Semien,31,R,R,80,50,55,60,55,50,55,65,50,60,55,55,45,65,65,Very High,2022
2B,15,Nick Solak,27,R,R,45,50,45,50,50,50,55,50,50,50,70,60,40,60,50,Very High,2022
2B,7,Donovan Solano,34,R,R,55,70,50,35,40,60,75,35,70,35,55,45,35,65,55,Very High,2022
2B,10,Trevor Story,29,R,R,75,50,65,55,55,45,55,60,50,55,50,50,60,65,60,Very High,2022
2B,9,Dee Strange-Gordon,33,L,R,20,45,40,30,30,65,40,25,45,30,65,65,65,65,55,Very High,2022
2B,25,Gleyber Torres,25,R,R,65,60,50,55,55,50,65,60,55,55,60,40,40,60,55,Very High,2022
2B,19,Josh VanMeter,27,L,R,40,40,60,50,60,45,40,50,45,50,50,25,45,60,50,Very High,2022
2B,7,Terrin Vavra,24,L,R,25,40,50,35,55,45,35,30,40,35,65,45,50,65,55,Very High,2022
2B,24,Jonathan Villar,30,S,R,45,50,40,50,55,45,50,50,50,50,60,60,60,65,55,Very High,2022
2B,14,Tyler Wade,27,L,R,40,45,50,30,50,50,45,30,45,30,55,45,70,70,60,Very High,2022
2B,31,Donovan Walton,27,L,R,40,45,50,45,50,65,45,40,50,45,60,50,55,55,60,Very High,2022
2B,18,Joey Wendle,31,L,R,45,55,70,40,40,55,50,40,55,40,55,50,50,65,50,Very High,2022
2B,16,Kolten Wong,31,L,R,65,60,55,45,50,60,55,40,60,45,60,60,50,65,60,Very High,2022
3B,2,Sergio Alcantara,25,S,R,30,45,35,35,60,50,45,35,45,35,55,50,40,65,-,Very High,2022
3B,15,Brian Anderson,28,R,R,55,50,50,55,55,45,55,55,50,55,55,40,45,45,50,Very High,2022
3B,41,Miguel Andújar,27,R,R,45,50,50,55,35,55,55,55,50,55,35,30,45,50,45,Very High,2022
3B,28,Nolan Arenado,30,R,R,70,55,50,60,50,60,60,65,55,60,35,30,40,35,75,Very High,2022
3B,28,Alec Bohm,25,R,R,50,55,50,55,50,50,60,55,55,55,30,30,35,65,45,Very High,2022
3B,13,David Bote,28,R,R,40,45,40,50,55,45,45,50,40,50,55,55,40,55,45,Very High,2022
3B,2,Alex Bregman,28,R,R,70,60,70,55,70,65,65,60,60,55,60,40,35,65,50,Very High,2022
3B,17,Johan Camargo,28,S,R,50,45,50,50,50,55,50,55,45,50,60,50,55,55,55,Very High,2022
3B,46,Jeimer Candelario,28,S,R,50,50,65,50,55,50,45,50,50,50,50,35,45,40,50,Very High,2022
3B,26,Matt Chapman,28,R,R,65,40,50,60,60,40,45,60,40,60,40,40,45,45,75,Very High,2022
3B,28,J.D. Davis,28,R,R,55,60,50,50,55,45,65,50,60,50,50,30,35,45,40,Very High,2022
3B,11,Rafael Devers,25,L,R,60,55,60,65,50,45,50,60,60,65,45,30,35,55,45,Very High,2022
3B,28,Josh Donaldson,36,R,R,60,45,45,60,70,50,50,65,45,60,55,25,35,65,50,Very High,2022
3B,5,Matt Duffy,31,R,R,45,60,40,35,50,55,65,35,55,35,65,60,40,65,50,Very High,2022
3B,81,Drew Ellis,26,R,R,45,40,55,50,55,40,40,55,40,50,65,45,45,45,50,Very High,2022
3B,2,Alcides Escobar,35,R,R,40,45,45,30,40,60,45,30,45,30,55,45,55,45,60,Very High,2022
3B,10,Eduardo Escobar,33,S,R,55,55,55,60,50,50,55,65,50,60,65,55,45,45,50,Very High,2022
3B,5,Santiago Espinal,27,R,R,45,55,50,30,50,65,55,30,55,30,75,65,50,60,60,Very High,2022
3B,41,Wilmer Flores,30,R,R,50,60,50,55,50,70,70,60,55,50,55,30,30,40,45,Very High,2022
3B,7,Maikel Franco,29,R,R,40,45,50,50,45,70,45,55,45,50,45,30,30,35,45,Very High,2022
3B,5,Wander Franco,21,S,R,55,70,70,50,45,75,70,50,70,50,55,50,45,55,45,Very High,2022
3B,1,Romy Gonzalez,25,R,R,40,45,45,55,45,35,45,55,40,55,45,35,55,70,55,Very High,2022
3B,82,Kelvin Gutierrez,27,R,R,40,45,40,45,45,50,50,45,45,45,65,45,35,60,55,Very High,2022
3B,13,Ke'Bryan Hayes,25,R,R,60,55,65,45,50,50,55,45,55,45,60,45,40,70,70,Very High,2022
3B,77,Andy Ibanez,29,R,R,50,60,55,50,45,65,65,50,55,50,55,45,45,55,55,Very High,2022
3B,9,Connor Joe,29,R,R,45,45,45,50,65,50,50,55,45,50,45,30,50,45,35,Very High,2022
3B,8,Carter Kieboom,24,R,R,45,45,40,50,60,45,45,50,45,50,55,40,50,50,50,Very High,2022
3B,23,Jake Lamb,31,L,R,35,35,45,50,60,40,35,45,40,50,45,45,35,60,45,Very High,2022
3B,10,Evan Longoria,36,R,R,50,50,45,55,50,50,50,55,50,55,40,30,30,60,50,Very High,2022
3B,13,Manny Machado,29,R,R,70,60,50,60,50,55,65,55,60,60,60,65,40,65,65,Very High,2022
3B,24,Ryan McMahon,27,L,R,55,45,50,55,55,45,45,50,45,55,35,25,40,65,60,Very High,2022
3B,20,Danny Mendick,28,R,R,40,45,40,40,55,50,45,40,40,40,65,55,45,55,55,Very High,2022
3B,18,José Miranda,23,R,R,45,60,55,55,35,70,60,55,55,55,55,35,40,40,45,Very High,2022
3B,10,Yoan Moncada,26,S,R,60,55,65,50,60,40,55,45,55,55,55,55,30,65,55,Very High,2022
3B,47,Elehuris Montero,23,R,R,40,45,35,55,50,50,45,55,45,55,50,30,35,40,40,Very High,2022
3B,9,Mike Moustakas,33,L,R,50,45,55,55,50,50,45,55,50,55,35,25,40,40,55,Very High,2022
3B,19,Isaac Paredes,23,R,R,40,45,40,45,55,65,45,50,45,45,55,55,40,45,45,Very High,2022
3B,22,Joe Perez,22,R,R,40,45,55,50,40,45,45,50,45,50,45,40,35,45,50,Very High,2022
3B,14,Jace Peterson,31,L,R,45,45,50,40,60,50,45,40,50,45,60,55,50,70,50,Very High,2022
3B,10,Chad Pinder,30,R,R,45,45,55,50,50,45,50,50,45,50,45,40,45,55,55,Very High,2022
3B,11,Jose Ramirez,29,S,R,75,55,75,65,55,65,55,65,55,65,65,45,65,65,55,Very High,2022
3B,30,Rob Refsnyder,31,R,R,40,50,50,45,55,45,55,45,50,45,45,35,45,60,20,Very High,2022
3B,6,Anthony Rendon,31,R,R,65,60,65,55,60,60,65,55,60,55,55,40,40,65,50,Very High,2022
3B,27,Austin Riley,25,R,R,60,55,60,65,50,40,60,65,55,60,50,40,40,40,45,Very High,2022
3B,8,Adrian Sanchez,31,R,R,40,50,50,35,35,60,50,40,50,35,50,35,50,65,50,Very High,2022
3B,78,Kevin Smith,25,R,R,45,45,50,55,50,40,45,55,40,55,60,40,60,65,55,Very High,2022
3B,28,Eugenio Suárez,30,R,R,55,40,40,65,60,35,45,70,40,65,50,55,40,55,55,Very High,2022
3B,13,Abraham Toro,25,S,R,50,50,55,50,55,55,55,50,50,50,55,50,40,60,50,Very High,2022
3B,10,Justin Turner,37,R,R,50,55,40,55,55,55,55,55,50,55,65,40,50,60,45,Very High,2022
3B,29,Ramon Urias,27,R,R,50,55,55,45,50,45,55,50,50,45,45,45,45,50,50,Very High,2022
3B,15,Gio Urshela,30,R,R,55,65,60,55,40,55,65,50,60,55,55,45,35,35,60,Very High,2022
3B,79,Colton Welker,24,R,R,40,45,45,50,50,50,45,50,45,50,60,35,40,45,45,Very High,2022
3B,14,Weston Wilson,27,R,R,40,40,40,55,50,40,40,55,40,55,50,45,50,65,50,Very High,2022
3B,16,Patrick Wisdom,30,R,R,55,45,35,65,55,35,45,70,45,65,50,45,30,65,55,Very High,2022
3B,7,Bobby Witt Jr.,21,R,R,60,50,50,55,50,45,50,55,50,55,55,45,65,70,65,Very High,2022
SS,4,CJ Abrams,21,L,R,45,50,50,30,40,50,50,30,50,30,60,55,75,70,50,Very High,2022
SS,27,Willy Adames,26,R,R,55,45,50,55,55,40,50,60,45,55,55,50,40,60,50,Very High,2022
SS,5,Ehire Adrianza,32,S,R,45,45,65,40,55,50,45,45,45,40,60,45,45,65,45,Very High,2022
SS,13,Nick Ahmed,32,R,R,55,45,60,40,50,50,55,40,45,40,60,55,40,65,70,Very High,2022
SS,7,Tim Anderson,28,R,R,70,80,60,55,30,55,80,55,80,50,55,60,55,65,60,Very High,2022
SS,17,Elvis Andrus,33,R,R,45,50,45,25,40,70,50,25,45,25,70,55,55,65,55,Very High,2022
SS,11,Orlando Arcia,27,R,R,50,45,45,50,50,55,50,50,45,50,55,40,40,60,55,Very High,2022
SS,28,Javier Baez,29,R,R,60,55,50,60,35,40,60,65,50,60,45,55,55,65,65,Very High,2022
SS,2,Jose Barrero,23,R,R,55,50,50,50,45,45,55,50,50,50,55,50,55,70,60,Very High,2022
SS,11,Bo Bichette,24,R,R,65,70,60,60,45,55,75,60,70,60,50,40,60,75,50,Very High,2022
SS,2,Xander Bogaerts,29,R,R,70,70,70,60,55,55,80,65,65,55,35,45,30,65,45,Very High,2022
SS,7,Vidal Bruján,24,S,R,45,45,50,35,50,55,45,35,45,35,65,70,80,75,50,Very High,2022
SS,74,Jackson Cluff,25,L,R,40,40,40,40,50,45,35,40,40,40,55,40,55,65,50,Very High,2022
SS,4,Carlos Correa,27,R,R,75,60,55,55,60,50,65,60,60,55,55,50,35,65,70,Very High,2022
SS,35,Brandon Crawford,35,L,R,60,50,50,50,55,50,45,50,55,55,40,35,40,60,60,Very High,2022
SS,3,J.P. Crawford,27,L,R,55,60,55,35,55,55,55,35,60,40,55,60,35,55,55,Very High,2022
SS,61,Oneil Cruz,23,L,R,50,50,55,55,40,50,50,55,50,60,55,50,60,65,45,Very High,2022
SS,2,Michael De Leon,25,S,R,35,40,45,35,30,60,45,35,40,35,55,45,40,55,50,Very High,2022
SS,11,Paul DeJong,28,R,R,45,40,45,55,55,40,40,60,40,55,60,50,35,60,55,Very High,2022
SS,17,Kyle Farmer,31,R,R,45,50,50,45,35,55,55,45,50,45,55,35,40,55,50,Very High,2022
SS,22,David Fletcher,27,R,R,50,60,55,25,40,80,65,25,60,25,65,45,45,65,60,Very High,2022
SS,2,Luis Garcia,21,L,R,40,45,55,45,30,60,45,45,45,45,55,55,45,60,45,Very High,2022
SS,0,Andres Gimenez,23,L,R,50,50,55,45,35,45,45,45,50,45,65,55,65,75,60,Very High,2022
SS,1,Nick Gordon,26,L,R,45,50,50,35,40,50,45,35,50,40,65,60,65,75,50,Very High,2022
SS,18,Didi Gregorius,32,L,R,45,50,50,50,45,65,45,45,55,50,70,70,40,60,45,Very High,2022
SS,2,Cadyn Grenier,25,R,R,35,30,40,40,55,30,30,40,30,40,55,45,45,60,60,Very High,2022
SS,77,Jordan Groshans,22,R,R,40,45,50,45,50,50,45,45,45,45,45,55,45,50,45,Very High,2022
SS,2,Nico Hoerner,24,R,R,50,60,50,25,50,70,65,25,60,25,70,55,50,65,60,Very High,2022
SS,11,Jose Iglesias,32,R,R,50,60,55,35,30,75,60,35,60,30,65,45,40,60,65,Very High,2022
SS,91,Greg Jones,24,S,R,40,40,45,45,50,40,40,45,40,45,60,55,70,75,50,Very High,2022
SS,12,Isiah Kiner-Falefa,27,R,R,50,60,40,35,35,70,60,35,60,35,60,45,55,65,55,Very High,2022
SS,12,Francisco Lindor,28,S,R,65,50,50,55,55,55,55,55,50,55,65,55,55,65,75,Very High,2022
SS,8,Nicky Lopez,27,L,R,55,60,45,25,50,75,55,25,60,25,60,65,50,70,70,Very High,2022
SS,16,Owen Miller,25,R,R,45,50,50,40,40,50,55,45,50,40,50,35,35,55,45,Very High,2022
SS,13,Richie Palacios,24,L,R,40,50,55,35,55,55,50,35,50,35,50,55,50,70,35,Very High,2022
SS,89,Jeremy Pena,24,R,R,55,50,45,50,45,45,50,55,50,50,55,50,50,65,60,Very High,2022
SS,82,Geraldo Perdomo,22,S,R,45,40,45,30,60,50,45,35,40,30,55,55,55,60,60,Very High,2022
SS,17,Cristian Perez,23,R,R,30,40,40,30,40,60,40,30,40,30,70,65,55,65,45,Very High,2022
SS,12,Luis Rengifo,25,S,R,45,50,50,45,50,55,50,45,50,45,55,30,55,65,45,Very High,2022
SS,81,Kramer Robertson,27,R,R,45,45,45,40,55,55,45,40,45,40,60,50,45,60,50,Very High,2022
SS,11,Miguel Rojas,33,R,R,55,55,55,35,45,75,65,35,55,35,55,45,45,60,60,Very High,2022
SS,23,Yolbert Sanchez,25,R,R,45,60,35,40,35,70,60,40,55,40,60,45,40,50,55,Very High,2022
SS,5,Corey Seager,27,L,R,70,70,65,60,55,60,65,55,75,60,60,40,45,50,50,Very High,2022
SS,19,Andrelton Simmons,32,R,R,50,50,40,30,45,80,55,30,50,25,45,50,45,65,65,Very High,2022
SS,63,Edmundo Sosa,26,R,R,50,55,45,45,35,55,60,45,50,45,70,65,40,55,55,Very High,2022
SS,5,Bryson Stott,24,L,R,45,50,50,45,55,45,45,45,50,45,50,45,45,55,50,Very High,2022
SS,7,Dansby Swanson,28,R,R,55,50,55,55,50,45,55,60,50,55,60,45,40,65,50,Very High,2022
SS,23,Fernando Tatis Jr.,23,R,R,80,65,60,70,55,40,70,75,65,70,55,50,70,75,60,Very High,2022
SS,6,Trea Turner,28,R,R,75,80,60,55,50,60,80,60,80,55,55,60,65,70,50,Very High,2022
SS,2,Luis Urias,24,R,R,60,55,55,55,60,50,55,55,50,50,60,55,30,65,50,Very High,2022
SS,70,Andrew Velazquez,27,S,R,45,45,65,40,50,40,50,45,45,40,70,50,75,75,45,Very High,2022
SS,6,Taylor Walls,25,S,R,40,35,45,35,60,40,35,35,35,40,60,45,65,65,55,Very High,2022
LF,7,Jo Adell,22,R,R,50,45,55,55,45,40,50,60,45,55,60,50,45,60,70,Very High,2022
LF,44,Yordan Alvarez,24,L,R,80,70,65,65,55,45,60,65,70,70,45,40,35,45,50,Very High,2022
LF,56,Randy Arozarena,27,R,R,65,50,55,55,55,45,55,55,50,55,55,55,60,65,70,Very High,2022
LF,2,Luis Arraez,24,L,R,50,75,50,25,55,80,70,25,80,25,55,55,30,60,55,Very High,2022
LF,63,Ji-hwan Bae,22,L,R,25,45,45,35,50,45,40,35,45,35,50,50,60,65,-,Very High,2022
LF,45,Matt Beaty,28,L,R,50,55,55,45,50,60,55,45,55,45,50,45,50,50,55,Very High,2022
LF,16,Andrew Benintendi,27,L,L,50,55,60,50,50,55,45,45,60,50,70,55,45,60,60,Very High,2022
LF,5,Jon Berti,32,R,R,40,50,45,40,60,50,50,40,45,40,65,60,60,65,50,Very High,2022
LF,23,Michael Brantley,34,L,L,60,75,65,40,50,80,65,35,80,40,70,45,35,65,55,Very High,2022
LF,15,Seth Brown,29,L,L,45,45,55,60,45,40,40,60,45,60,40,45,40,65,65,Very High,2022
LF,17,Kris Bryant,30,R,R,60,50,60,55,60,45,55,60,50,55,55,40,35,65,60,Very High,2022
LF,5,Willie Calhoun,27,L,R,45,50,50,55,50,65,50,50,55,55,50,30,45,40,40,Very High,2022
LF,19,Mark Canha,33,R,R,65,50,50,55,65,50,50,50,50,55,45,35,35,65,60,Very High,2022
LF,51,Yoelqui Cespedes,24,R,R,40,50,55,50,40,40,55,50,50,50,60,45,55,70,50,Very High,2022
LF,16,Franchy Cordero,27,L,R,45,45,55,50,50,35,40,50,45,50,45,45,45,65,60,Very High,2022
LF,12,Alex Dickerson,31,L,L,45,45,45,55,50,45,40,50,50,60,35,35,35,40,45,Very High,2022
LF,23,Corey Dickerson,32,L,R,45,55,65,50,40,60,45,45,60,50,50,35,40,60,55,Very High,2022
LF,27,Jake Fraley,26,L,L,40,35,50,50,60,35,35,50,40,55,55,65,55,65,65,Very High,2022
LF,29,TJ Friedl,26,L,L,45,50,45,45,55,55,45,45,50,45,65,55,55,65,55,Very High,2022
LF,13,Joey Gallo,28,L,R,70,40,35,75,75,40,40,70,40,75,35,60,40,65,70,Very High,2022
LF,53,Adolis García,29,R,R,40,45,45,60,30,40,50,60,45,60,60,55,60,65,40,Very High,2022
LF,8,Robbie Grossman,32,S,L,45,40,50,50,65,40,40,50,40,55,50,25,55,60,60,Very High,2022
LF,13,Lourdes Gurriel Jr.,28,R,R,50,60,60,55,40,55,70,55,60,55,55,35,45,60,50,Very High,2022
LF,8,Ian Happ,27,S,R,65,50,45,60,60,40,50,60,50,65,65,55,40,65,65,Very High,2022
LF,29,Yadiel Hernandez,34,L,R,45,55,40,55,50,50,45,50,55,55,60,35,40,60,45,Very High,2022
LF,5,Enrique Hernández,30,R,R,45,45,60,50,55,55,50,50,45,50,65,55,45,50,45,Very High,2022
LF,37,Teoscar Hernández,29,R,R,60,55,50,65,50,45,60,65,55,65,55,55,45,60,45,Very High,2022
LF,22,Sam Hilliard,28,L,L,40,40,45,60,50,35,35,55,40,60,50,50,55,70,65,Very High,2022
LF,74,Eloy Jimenez,25,R,R,55,55,50,65,40,45,60,65,55,65,55,30,40,45,50,Very High,2022
LF,38,Steven Kwan,24,L,L,50,60,55,35,50,80,60,35,60,35,55,45,40,60,65,Very High,2022
LF,16,Trey Mancini,30,R,R,50,55,55,55,50,50,55,55,50,55,35,25,35,35,45,Very High,2022
LF,28,J.D. Martinez,34,R,R,55,60,70,60,55,50,65,65,60,60,35,25,40,50,25,Very High,2022
LF,24,Andrew McCutchen,35,R,R,50,45,45,55,65,45,45,55,45,50,70,70,35,65,50,Very High,2022
LF,26,Ryan McKenna,25,R,R,45,45,45,50,55,40,45,50,45,50,55,55,55,65,70,Very High,2022
LF,11,Billy McKinney,27,L,L,40,40,65,50,55,40,35,50,40,50,50,35,50,60,60,Very High,2022
LF,17,Austin Meadows,26,L,L,55,50,65,60,55,50,45,55,55,60,55,50,40,60,55,Very High,2022
LF,25,Dylan Moore,29,R,R,45,40,50,50,55,40,40,55,40,50,60,55,75,70,65,Very High,2022
LF,27,Tyler O'Neill,26,R,R,70,55,50,70,50,35,60,70,55,65,50,35,55,70,60,Very High,2022
LF,20,Marcell Ozuna,31,R,R,50,50,40,60,55,50,55,65,50,60,50,45,40,65,50,Very High,2022
LF,23,Joc Pederson,29,L,L,45,40,50,60,55,45,35,55,45,60,65,25,40,50,60,Very High,2022
LF,6,David Peralta,34,L,L,40,45,55,40,50,55,45,35,50,40,60,50,40,60,60,Very High,2022
LF,28,Tommy Pham,34,R,R,50,45,45,50,65,50,50,55,45,50,60,40,50,65,55,Very High,2022
LF,10,Jurickson Profar,29,S,R,45,45,55,45,60,65,45,45,50,45,45,35,45,65,65,Very High,2022
LF,50,Brent Rooker,27,R,R,40,40,45,60,55,30,40,65,40,60,25,25,50,45,50,Very High,2022
LF,9,Eddie Rosario,30,L,R,50,55,50,55,40,60,50,50,60,60,55,45,40,65,50,Very High,2022
LF,12,Kyle Schwarber,29,L,R,60,45,50,65,70,40,40,60,45,65,50,35,40,40,45,Very High,2022
LF,12,Jorge Soler,30,R,R,50,45,50,65,60,40,45,70,45,65,50,45,45,55,30,Very High,2022
LF,27,Giancarlo Stanton,32,R,R,65,55,40,65,60,40,60,70,55,65,40,50,35,60,50,Very High,2022
LF,20,Christin Stewart,28,L,R,40,45,55,55,50,40,40,55,45,60,60,40,40,45,50,Very High,2022
LF,15,Raimel Tapia,28,L,L,40,55,55,35,50,60,50,35,55,35,50,45,55,65,60,Very High,2022
LF,3,Chris Taylor,31,R,R,55,45,65,55,55,40,50,55,45,50,60,55,40,65,65,Very High,2022
LF,28,Lane Thomas,26,R,R,45,45,55,50,60,40,45,50,45,50,60,55,55,65,60,Very High,2022
LF,84,Bubba Thompson,23,R,R,45,45,50,50,40,45,45,55,45,50,55,60,65,70,65,Very High,2022
LF,46,Luke Williams,25,R,R,40,45,50,40,50,50,45,40,40,40,50,30,65,65,65,Very High,2022
LF,27,Jesse Winker,28,L,L,70,65,60,55,60,55,55,50,70,60,35,30,25,55,45,Very High,2022
LF,22,Christian Yelich,30,L,R,55,45,50,55,70,45,45,50,45,55,50,55,50,70,60,Very High,2022
CF,1,Greg Allen,29,S,R,45,45,50,30,45,50,45,30,50,35,60,60,65,70,60,Very High,2022
CF,60,Akil Baddoo,23,L,L,50,50,60,50,55,45,45,50,50,50,50,45,55,70,50,Very High,2022
CF,48,Harrison Bader,27,R,R,65,50,55,55,50,45,55,60,50,55,50,60,55,65,75,Very High,2022
CF,35,Cody Bellinger,26,L,L,55,45,55,60,60,45,45,60,45,60,50,35,45,65,55,Very High,2022
CF,5,Braden Bishop,28,R,R,40,45,50,40,45,45,45,40,45,40,65,60,45,65,55,Very High,2022
CF,19,Jackie Bradley Jr.,31,L,R,45,40,55,45,50,40,35,40,40,45,60,55,45,65,65,Very High,2022
CF,25,Byron Buxton,28,R,R,70,55,75,60,35,45,55,60,55,60,60,60,55,70,75,Very High,2022
CF,6,Lorenzo Cain,35,R,R,40,40,45,35,50,50,45,40,40,35,50,45,45,60,50,Very High,2022
CF,41,Daz Cameron,25,R,R,40,35,55,50,50,35,40,50,35,50,60,55,65,65,55,Very High,2022
CF,67,Gilberto Celestino,23,R,L,40,45,50,40,55,50,45,40,45,40,45,45,35,60,50,Very High,2022
CF,14,Mauricio Dubon,27,R,R,45,55,45,45,40,60,60,50,55,45,50,55,45,60,60,Very High,2022
CF,6,Steven Duggar,28,L,R,50,50,60,45,50,40,45,45,55,50,65,65,55,65,60,Very High,2022
CF,93,Jarren Duran,25,L,R,45,45,50,45,45,45,45,45,50,45,50,40,65,70,50,Very High,2022
CF,15,Adam Engel,30,R,R,50,45,55,50,40,45,50,50,45,50,55,55,60,65,60,Very High,2022
CF,15,Randal Grichuk,30,R,R,45,50,50,55,40,50,55,60,50,55,35,25,45,60,45,Very High,2022
CF,2,Trent Grisham,25,L,L,55,45,55,50,60,45,45,50,50,50,55,65,55,70,60,Very High,2022
CF,6,Adam Haseley,25,L,L,40,45,45,40,50,50,45,40,45,40,55,50,45,60,50,Very High,2022
CF,38,Guillermo Heredia,31,R,L,40,35,60,35,55,40,35,40,35,35,55,60,40,50,60,Very High,2022
CF,67,Michael Hermosillo,27,R,R,45,45,45,55,50,35,45,60,40,55,50,55,55,65,50,Very High,2022
CF,37,Odubel Herrera,30,L,R,45,50,55,45,45,55,45,45,55,50,60,65,45,60,50,Very High,2022
CF,22,Jason Heyward,32,L,L,45,45,45,50,55,55,40,45,50,50,50,35,40,60,55,Very High,2022
CF,31,Aaron Hicks,32,S,R,40,40,45,45,70,40,40,45,40,45,55,55,40,60,45,Very High,2022
CF,54,Derek Hill,26,R,R,45,45,35,40,45,40,45,40,45,40,55,65,60,65,65,Very High,2022
CF,11,Ender Inciarte,31,L,L,35,40,40,30,50,55,40,25,40,30,55,65,50,65,55,Very High,2022
CF,31,Travis Jankowski,30,L,R,45,50,35,25,60,55,45,25,50,25,60,65,55,65,65,Very High,2022
CF,10,Jarred Kelenic,22,L,L,45,45,55,60,50,40,40,55,45,60,55,50,55,65,45,Very High,2022
CF,39,Kevin Kiermaier,31,L,R,50,45,65,40,50,45,45,35,45,40,60,50,60,65,65,Very High,2022
CF,22,Ramon Laureano,27,R,R,60,55,60,60,50,45,65,65,55,60,50,45,55,65,55,Very High,2022
CF,1,Kyle Lewis,26,R,R,55,55,45,50,55,45,60,55,55,50,55,50,40,65,60,Very High,2022
CF,15,Josh Lowe,24,L,R,50,50,55,55,55,35,45,55,50,55,55,50,60,70,50,Very High,2022
CF,13,Manuel Margot,27,R,R,50,50,55,45,50,55,55,40,50,45,55,60,60,65,65,Very High,2022
CF,20,Chas McCormick,26,R,L,50,50,45,50,55,45,55,55,50,50,55,50,45,60,45,Very High,2022
CF,32,Victor Victor Mesa,25,R,R,35,40,30,25,35,55,45,25,40,25,55,55,45,65,70,Very High,2022
CF,92,Brian Miller,26,L,R,40,55,45,25,40,55,50,25,55,25,60,55,70,70,50,Very High,2022
CF,16,Mickey Moniak,23,L,R,40,40,55,45,45,45,40,45,40,45,55,50,40,65,50,Very High,2022
CF,31,Cedric Mullins,27,L,L,65,55,65,55,50,55,50,55,60,55,55,65,65,70,65,Very High,2022
CF,78,Simon Muzziotti,23,L,L,35,50,45,30,40,65,50,30,50,30,65,55,60,60,50,Very High,2022
CF,9,Brandon Nimmo,29,L,R,65,65,60,45,70,55,55,40,65,45,55,55,40,55,50,Very High,2022
CF,66,Rafael Ortega,30,L,R,45,50,50,50,55,50,45,50,50,50,60,50,55,65,50,Very High,2022
CF,20,Cristian Pache,23,R,R,45,40,55,50,45,45,40,50,40,50,55,60,55,60,80,Very High,2022
CF,10,Bryan Reynolds,27,S,R,65,65,65,55,60,50,65,55,65,55,60,55,40,60,55,Very High,2022
CF,88,Luis Robert,24,R,R,70,65,60,55,35,45,70,60,65,55,50,45,55,65,65,Very High,2022
CF,19,Kristian Robinson,21,R,R,25,30,40,45,40,35,35,45,30,45,50,55,65,60,55,Very High,2022
CF,16,Victor Robles,24,R,R,45,45,55,40,50,45,45,40,45,40,65,60,55,65,60,Very High,2022
CF,44,Julio Rodriguez,21,R,R,50,50,55,55,50,45,50,55,50,55,55,40,70,65,55,Very High,2022
CF,15,Nick Senzel,26,R,R,50,55,60,45,55,50,55,45,50,45,55,50,60,60,50,Very High,2022
CF,26,Jose Siri,26,R,R,40,40,50,50,40,30,45,50,40,50,60,60,70,75,55,Very High,2022
CF,13,Austin Slater,29,R,R,50,45,55,55,55,45,50,55,45,55,55,20,55,70,55,Very High,2022
CF,23,Mallex Smith,28,L,R,40,45,60,30,50,50,40,25,45,30,60,60,75,75,45,Very High,2022
CF,4,George Springer,32,R,R,65,55,50,65,55,50,60,70,55,60,50,50,40,55,55,Very High,2022
CF,17,Andrew Stevenson,27,L,L,40,45,45,40,45,40,40,40,45,40,60,60,45,60,55,Very High,2022
CF,7,Myles Straw,27,R,R,60,65,50,25,55,55,70,25,65,25,55,55,65,70,70,Very High,2022
CF,75,Travis Swaggerty,24,L,L,40,40,45,35,55,40,35,35,40,40,55,50,55,65,65,Very High,2022
CF,3,Leody Taveras,23,S,R,40,35,45,50,45,40,40,50,35,50,55,50,60,70,65,Very High,2022
CF,2,Michael A. Taylor,31,R,R,50,45,45,45,45,40,45,50,45,45,55,55,60,65,75,Very High,2022
CF,10,Alek Thomas,21,L,L,45,55,50,40,50,55,50,40,55,40,55,50,55,60,50,Very High,2022
CF,27,Mike Trout,30,R,R,80,65,55,70,80,45,65,65,65,70,70,55,35,70,55,Very High,2022
CF,12,Daulton Varsho,25,L,R,50,50,50,55,50,50,45,50,50,55,40,35,50,70,55,Very High,2022
CF,19,Matt Vierling,25,R,R,45,45,55,50,50,50,50,50,45,50,50,50,60,65,50,Very High,2022
RF,13,Ronald Acuna Jr.,24,R,R,75,60,55,70,65,40,65,70,60,70,55,55,55,65,65,Very High,2022
RF,44,Aristides Aquino,27,R,R,45,40,40,65,55,35,40,65,40,65,55,40,40,65,50,Very High,2022
RF,50,Mookie Betts,29,R,R,70,65,65,60,65,60,70,60,65,60,45,50,50,65,60,Very High,2022
RF,19,Charlie Blackmon,35,L,L,45,55,50,50,50,60,50,45,55,50,65,60,40,55,40,Very High,2022
RF,56,Kole Calhoun,34,L,L,50,45,45,60,55,45,40,55,45,60,45,40,45,45,60,Very High,2022
RF,3,Dylan Carlson,23,S,L,55,55,70,55,55,50,50,50,55,55,55,40,55,65,60,Very High,2022
RF,8,Nick Castellanos,30,R,R,60,70,70,60,45,50,75,65,70,60,60,40,45,40,40,Very High,2022
RF,23,Nelson Cruz,41,R,R,50,55,35,65,55,45,55,65,50,65,45,25,30,50,30,Very High,2022
RF,2,Yonathan Daza,28,R,R,40,55,50,30,35,60,55,30,55,30,60,45,40,60,65,Very High,2022
RF,14,Bryan De La Cruz,25,R,R,50,65,45,50,50,50,75,50,65,50,55,45,50,60,55,Very High,2022
RF,14,Adam Duvall,33,R,R,50,45,40,70,50,40,45,70,45,70,40,40,40,60,55,Very High,2022
RF,28,Ben Gamel,29,L,L,45,45,65,40,55,45,40,35,50,40,50,35,40,55,55,Very High,2022
RF,24,Avisail Garcia,30,R,R,50,55,45,60,45,50,60,60,55,60,60,55,40,60,55,Very High,2022
RF,28,Leury Garcia,31,S,R,40,50,50,30,45,50,55,35,50,30,50,50,45,65,55,Very High,2022
RF,36,Oscar Gonzalez,24,R,R,40,55,40,55,30,50,55,55,50,55,50,35,50,55,40,Very High,2022
RF,17,Mitch Haniger,31,R,R,55,50,50,65,50,45,50,60,55,65,50,50,40,65,50,Very High,2022
RF,3,Bryce Harper,29,L,R,75,65,65,70,75,45,50,60,65,70,50,60,40,65,55,Very High,2022
RF,21,Austin Hays,26,R,R,50,55,55,55,40,50,55,55,55,55,55,50,40,60,60,Very High,2022
RF,28,Kyle Isbel,25,L,R,45,45,55,50,50,50,45,45,50,50,50,50,55,70,50,Very High,2022
RF,99,Aaron Judge,29,R,R,70,65,45,70,60,40,65,70,65,70,45,40,35,60,65,Very High,2022
RF,26,Max Kepler,29,L,L,55,50,55,55,60,55,45,55,50,60,55,40,40,65,65,Very High,2022
RF,8,Jordan Luplow,28,R,R,50,45,55,55,65,45,50,60,45,55,45,35,40,55,55,Very High,2022
RF,6,Jake Marisnick,31,R,R,40,40,50,50,40,35,40,50,40,45,55,60,55,65,60,Very High,2022
RF,16,Brandon Marsh,24,L,R,50,45,55,40,55,45,45,40,45,40,60,55,50,65,70,Very High,2022
RF,6,Starling Marte,33,R,R,65,75,60,50,45,55,75,50,75,50,55,60,65,70,65,Very High,2022
RF,20,Nomar Mazara,26,L,L,40,45,45,55,50,40,40,50,45,55,35,30,40,50,50,Very High,2022
RF,35,Oscar Mercado,27,R,R,45,45,55,45,50,55,45,45,45,45,70,55,55,70,65,Very High,2022
RF,97,Jake Meyers,25,R,L,45,50,55,50,50,45,50,55,50,50,55,60,55,65,50,Very High,2022
RF,5,Wil Myers,31,R,R,50,50,55,50,55,40,50,50,50,50,30,25,50,65,55,Very High,2022
RF,12,Tyler Naquin,30,L,R,50,55,55,50,45,50,50,50,60,50,50,45,45,60,60,Very High,2022
RF,22,Josh Naylor,24,L,L,45,55,50,50,50,60,45,50,55,50,35,25,35,50,50,Very High,2022
RF,14,Edward Olivares,26,R,R,45,50,45,50,45,50,55,50,50,50,60,50,60,65,55,Very High,2022
RF,18,Daniel Palka,30,L,L,40,40,45,55,55,40,35,50,40,55,35,25,40,55,50,Very High,2022
RF,35,Brett Phillips,27,L,R,50,35,40,55,60,35,35,50,40,55,55,50,65,70,80,Very High,2022
RF,25,Stephen Piscotty,31,R,R,45,50,50,50,45,50,55,55,45,50,40,35,45,55,60,Very High,2022
RF,18,AJ Pollock,34,R,R,50,50,55,55,45,50,60,60,45,55,45,45,55,65,50,Very High,2022
RF,62,Luke Raley,27,L,R,45,45,40,60,40,40,45,55,45,60,50,50,40,65,60,Very High,2022
RF,12,Hunter Renfroe,30,R,R,50,45,45,65,55,45,50,70,45,65,45,30,60,50,60,Very High,2022
RF,32,Franmil Reyes,26,R,R,50,50,40,70,55,35,50,70,50,70,45,25,30,30,35,Very High,2022
RF,22,Victor Reyes,27,S,R,45,50,60,35,30,55,45,35,55,35,55,50,55,70,65,Very High,2022
RF,7,Jesus Sanchez,24,L,R,55,55,45,60,50,45,50,55,55,60,55,55,40,55,65,Very High,2022
RF,25,Anthony Santander,27,S,R,45,55,60,55,40,50,45,55,55,55,55,55,40,55,50,Very High,2022
RF,26,Pavin Smith,26,L,L,50,55,55,45,55,55,55,45,55,45,40,25,40,30,55,Very High,2022
RF,22,Juan Soto,23,L,L,80,80,55,65,80,55,75,65,80,65,55,50,40,60,55,Very High,2022
RF,1,Seiya Suzuki,27,R,R,60,60,55,60,55,50,65,60,60,60,45,45,60,55,65,Very High,2022
RF,20,Taylor Trammell,24,L,L,40,40,40,50,55,35,35,50,40,50,55,60,55,65,50,Very High,2022
RF,25,Yoshi Tsutsugo,30,L,R,45,45,50,55,60,45,40,55,45,55,50,40,35,35,50,Very High,2022
RF,30,Kyle Tucker,25,L,R,65,65,75,60,50,55,60,60,65,60,50,50,55,70,60,Very High,2022
RF,99,Alex Verdugo,25,L,L,55,60,55,45,50,65,55,40,65,45,50,40,40,65,65,Very High,2022
RF,3,Taylor Ward,28,R,R,60,55,65,60,60,50,60,60,55,60,45,30,40,65,50,Very High,2022
RF,5,Mike Yastrzemski,31,L,L,60,50,60,60,55,45,45,55,55,60,55,60,40,55,65,Very High,2022
RF,7,Bradley Zimmer,29,L,R,45,40,35,50,55,35,35,45,40,50,55,50,60,70,70,Very High,2022
,,,,,,,,,,,,,,,,,,,,,,
SP,33,Michael Lorenzen,31,R,R,50,50,45,60,45,55,55,60,50,60,55,40,55,45,70,Very High,2023
C,15,Riley Adams,26,R,R,40,35,45,50,60,30,35,50,35,50,50,40,35,40,45,Very High,2023
C,38,Jorge Alfaro,29,R,R,40,45,40,50,35,35,45,50,45,45,55,30,45,65,60,Very High,2023
C,37,Willians Astudillo,31,R,R,45,60,35,50,25,80,65,50,60,50,60,25,30,55,35,Very High,2023
C,93,Patrick Bailey,23,S,R,50,50,60,50,55,50,50,50,50,50,45,35,45,45,50,Very High,2023
C,21,Joey Bart,26,R,R,50,50,45,55,40,40,55,55,50,50,45,30,30,30,55,Very High,2023
C,37,Anthony Bemboom,33,L,R,35,35,35,45,55,45,30,45,35,50,50,35,25,40,55,Very High,2023
C,14,Luke Berryhill,24,R,R,45,40,45,55,50,30,45,60,40,55,50,45,35,50,40,Very High,2023
C,63,Carter Bins,24,R,R,45,40,40,50,65,40,40,50,40,50,50,25,40,45,50,Very High,2023
C,64,Rob Brantly,33,L,R,40,45,40,40,45,60,40,40,45,40,45,30,25,35,40,Very High,2023
C,21,Luis Campusano,24,R,R,60,55,55,50,50,50,55,50,50,50,40,30,35,35,60,Very High,2023
C,7,Victor Caratini,29,S,R,45,45,45,45,55,45,45,45,45,45,35,25,35,35,45,Very High,2023
C,24,William Contreras,25,R,R,50,50,35,55,50,40,50,60,45,55,45,30,30,35,50,Very High,2023
C,40,Willson Contreras,30,R,R,60,45,45,60,55,40,45,60,45,60,45,35,35,45,55,Very High,2023
C,79,Dillon Dingler,24,R,R,45,45,35,55,40,50,45,55,45,55,55,35,35,60,55,Very High,2023
C,35,Elias Díaz,32,R,R,50,45,40,50,50,60,50,50,45,50,50,30,25,40,60,Very High,2023
C,54,Nick Fortes,26,R,R,40,45,45,45,50,60,45,45,45,45,40,30,35,45,45,Very High,2023
C,36,Cam Gallagher,30,R,R,45,50,45,40,45,60,55,40,50,35,40,40,25,35,60,Very High,2023
C,33,Aramis Garcia,30,R,R,40,40,40,50,45,40,45,55,40,50,45,25,30,35,55,Very High,2023
C,64,Dustin Garneau,35,R,R,40,35,45,60,50,40,35,60,35,60,25,20,30,35,45,Very High,2023
C,8,Mitch Garver,32,R,R,70,45,45,60,55,40,50,60,45,60,50,30,30,25,55,Very High,2023
C,78,Jose Godoy,28,L,R,40,45,40,35,40,55,45,35,50,35,50,40,30,35,50,Very High,2023
C,7,Yan Gomes,35,R,R,45,45,45,50,40,45,45,50,45,50,35,35,30,30,55,Very High,2023
C,24,Yasmani Grandal,34,S,R,60,40,40,60,75,40,35,55,40,60,45,20,35,45,60,Very High,2023
C,82,Deivy Grullon,27,R,R,50,40,40,65,60,30,45,65,40,65,55,45,25,35,40,Very High,2023
C,10,Eric Haase,30,R,R,35,40,40,55,45,35,40,55,40,50,50,30,30,35,40,Very High,2023
C,28,Jonah Heim,27,S,R,40,50,40,40,45,60,50,40,45,40,50,30,30,35,60,Very High,2023
C,59,Ronaldo Hernandez,25,R,R,55,50,50,60,35,60,50,65,50,60,50,40,35,55,55,Very High,2023
C,36,Jose Herrera,26,S,R,40,40,45,45,55,50,40,40,40,45,50,30,30,25,55,Very High,2023
C,66,Kyle Higashioka,32,R,R,45,40,50,60,45,40,40,65,35,60,45,45,30,30,65,Very High,2023
C,21,Alex Jackson,27,R,R,35,35,40,60,45,30,35,60,35,60,30,20,35,30,40,Very High,2023
C,9,Danny Jansen,27,R,R,50,40,50,55,55,50,40,55,40,55,55,30,30,50,55,Very High,2023
C,27,Ryan Jeffers,25,R,R,50,45,45,55,55,40,45,55,45,50,45,25,30,35,55,Very High,2023
C,18,Carson Kelly,28,R,R,60,40,40,55,65,50,45,60,40,55,45,30,25,30,60,Very High,2023
C,3,Alejandro Kirk,24,R,R,65,60,60,55,55,75,60,55,60,55,45,25,25,25,35,Very High,2023
C,86,Shea Langeliers,25,R,R,50,45,45,60,50,45,45,60,45,60,55,35,35,35,55,Very High,2023
C,10,Bryan Lavastida,24,R,R,50,50,55,45,50,50,50,45,50,45,50,50,60,65,55,Very High,2023
C,33,James McCann,32,R,R,45,45,45,50,50,40,50,50,45,45,30,35,35,40,55,Very High,2023
C,21,Reese McGuire,28,L,R,40,45,50,40,45,50,40,35,45,40,55,35,30,50,65,Very High,2023
C,21,Francisco Mejía,27,S,R,50,50,55,50,40,50,50,45,55,50,55,50,35,45,45,Very High,2023
C,11,MJ Melendez,24,L,R,50,40,45,55,50,45,40,55,40,55,55,35,60,60,70,Very High,2023
C,73,Yermin Mercedes,30,R,R,40,45,40,50,45,55,50,55,45,50,50,25,40,35,40,Very High,2023
C,55,Gabriel Moreno,23,R,R,70,65,55,55,45,55,70,60,65,55,50,35,25,60,50,Very High,2023
C,12,Sean Murphy,28,R,R,60,40,50,55,55,45,45,60,40,55,45,40,30,35,70,Very High,2023
C,2,Tom Murphy,31,R,R,40,40,40,55,55,35,40,55,40,55,35,30,35,35,55,Very High,2023
C,15,Omar Narvaez,31,L,R,55,50,35,50,55,50,45,45,50,50,50,40,30,30,60,Very High,2023
C,3,Tomás Nido,28,R,R,40,45,45,45,30,45,45,45,45,45,35,30,25,30,65,Very High,2023
C,26,Austin Nola,33,R,R,60,60,55,45,55,60,60,45,60,45,60,60,35,40,55,Very High,2023
C,3,Dom Nuñez,28,L,R,40,35,50,55,65,30,30,55,35,60,60,30,35,45,50,Very High,2023
C,13,Carlos Perez,32,R,R,30,35,40,50,40,55,40,50,35,50,55,55,30,45,50,Very High,2023
C,13,Salvador Perez,32,R,R,65,55,40,70,30,45,60,75,50,65,35,25,25,35,60,Very High,2023
C,2,Manny Pina,35,R,R,45,35,35,60,50,40,40,60,35,60,35,30,30,45,60,Very High,2023
C,50,René Pinto,26,R,R,40,40,50,50,45,40,40,50,40,50,55,50,40,45,60,Very High,2023
C,25,Kevin Plawecki,32,R,R,45,50,55,35,50,60,50,35,50,35,55,50,25,35,45,Very High,2023
C,4,Yohel Pozo,25,R,R,40,55,45,45,30,75,60,50,55,45,50,45,35,45,45,Very High,2023
C,29,Cal Raleigh,26,S,R,50,45,60,55,50,45,45,55,45,55,40,30,40,40,55,Very High,2023
C,65,Raudy Read,29,R,R,35,40,45,50,30,50,45,55,40,50,40,25,25,35,50,Very High,2023
C,10,J.T. Realmuto,32,R,R,65,50,55,55,50,45,50,55,50,55,45,45,40,65,60,Very High,2023
C,20,Keibert Ruiz,24,S,R,55,55,45,45,50,75,45,40,55,45,50,30,30,35,60,Very High,2023
C,35,Adley Rutschman,25,S,R,80,65,55,65,60,55,65,65,60,65,40,40,30,40,65,Very High,2023
C,41,Ali Sanchez,26,R,R,35,45,50,30,45,60,50,30,45,30,45,35,30,45,60,Very High,2023
C,9,Pedro Severino,29,R,R,45,45,40,45,55,45,45,50,45,45,45,45,45,40,50,Very High,2023
C,15,Chance Sisco,28,L,R,40,40,35,45,55,35,35,45,40,50,55,30,35,45,40,Very High,2023
C,16,Will Smith,28,R,R,70,50,55,60,65,45,55,60,45,55,45,50,40,65,60,Very High,2023
C,58,Jacob Stallings,33,R,R,50,45,45,40,50,50,50,40,45,40,55,50,35,40,70,Very High,2023
C,33,Max Stassi,32,R,R,55,45,40,55,55,35,45,55,45,55,50,35,30,40,65,Very High,2023
C,37,Tyler Stephenson,26,R,R,60,55,45,45,55,50,60,45,55,45,45,35,35,40,55,Very High,2023
C,21,Garrett Stubbs,29,L,R,40,45,45,35,55,55,40,35,45,35,50,35,40,70,50,Very High,2023
C,63,Andrew Susac,33,R,R,35,30,35,50,60,35,35,50,30,50,35,45,30,30,55,Very High,2023
C,22,Luis Torrens,26,R,R,45,45,50,50,40,45,45,50,45,50,50,50,30,40,55,Very High,2023
C,39,Jose Trevino,30,R,R,40,50,50,40,30,60,50,40,45,40,55,30,30,40,75,Very High,2023
C,10,Mike Zunino,32,R,R,55,35,40,70,50,30,35,70,35,70,35,35,30,40,70,Very High,2023
1B,79,José Abreu,36,R,R,50,60,55,55,45,50,60,60,55,55,45,25,35,30,60,Very High,2023
1B,30,Austin Allen,29,L,R,35,50,50,55,35,50,50,50,55,55,50,45,25,35,40,Very High,2023
1B,20,Pete Alonso,28,R,R,65,55,50,70,60,45,60,75,55,70,50,30,30,35,55,Very High,2023
1B,25,Jake Bauers,27,L,L,40,45,45,45,60,40,40,45,45,50,45,25,50,65,60,Very High,2023
1B,6,Josh Bell,30,S,R,60,55,50,60,60,55,60,65,50,60,35,30,30,50,60,Very High,2023
1B,9,Brandon Belt,34,L,L,55,50,50,60,65,45,45,55,50,60,30,20,40,60,65,Very High,2023
1B,28,Alec Bohm,26,R,R,60,60,50,55,60,50,65,60,60,55,35,30,30,65,75,Very High,2023
1B,44,Bobby Bradley,26,L,R,45,45,55,65,50,35,40,60,45,65,45,40,30,45,50,Very High,2023
1B,94,Triston Casas,23,L,R,55,50,60,60,60,50,50,60,50,60,45,30,30,45,60,Very High,2023
1B,2,Michael Chavis,27,R,R,45,50,45,60,40,40,55,60,50,60,45,30,35,45,60,Very High,2023
1B,26,Garrett Cooper,32,R,R,45,50,45,50,55,40,55,50,45,50,50,25,35,35,55,Very High,2023
1B,15,Blaine Crim,25,R,R,40,60,45,55,40,55,60,55,60,55,45,35,35,40,40,Very High,2023
1B,25,C.J. Cron,33,R,R,55,50,50,60,50,50,55,60,50,60,30,30,40,40,50,Very High,2023
1B,6,Matt Davidson,32,R,R,35,40,40,60,50,35,40,60,40,60,25,25,40,25,60,Very High,2023
1B,15,Brennen Davis,23,R,R,50,50,55,65,60,40,50,65,50,65,45,40,40,65,-,Very High,2023
1B,68,Lewin Diaz,26,L,L,40,50,50,60,40,50,45,55,50,60,40,30,30,35,60,Very High,2023
1B,36,Mike Ford,30,L,R,40,45,50,55,55,50,40,50,45,55,45,30,25,35,50,Very High,2023
1B,23,Ty France,28,R,R,55,60,50,50,45,55,70,55,60,50,45,35,35,50,65,Very High,2023
1B,5,Freddie Freeman,33,L,R,70,70,55,60,60,55,60,55,75,60,40,20,30,65,65,Very High,2023
1B,46,Paul Goldschmidt,35,R,R,65,65,55,60,60,50,75,60,60,55,25,35,30,65,65,Very High,2023
1B,27,Vladimir Guerrero Jr.,24,R,R,80,80,55,70,60,60,80,70,75,70,45,35,35,60,50,Very High,2023
1B,10,Yuli Gurriel,38,R,R,50,70,50,45,50,75,75,45,70,45,55,35,40,60,35,Very High,2023
1B,12,Ronald Guzman,28,L,L,40,40,55,55,55,40,35,55,45,55,55,50,35,35,55,Very High,2023
1B,18,Keston Hiura,26,R,R,45,45,55,55,55,35,45,60,45,55,60,45,45,60,55,Very High,2023
1B,20,Rhys Hoskins,30,R,R,55,45,60,60,65,40,50,60,45,60,40,25,30,60,55,Very High,2023
1B,30,Eric Hosmer,33,L,L,45,55,45,45,50,50,55,45,55,50,50,30,35,55,75,Very High,2023
1B,9,Connor Joe,30,R,R,45,50,45,50,60,50,50,55,45,50,45,30,50,45,55,Very High,2023
1B,40,Nolan Jones,24,L,R,55,45,55,60,65,35,45,60,45,60,55,30,35,65,65,Very High,2023
1B,18,Taylor Jones,29,R,R,50,50,55,50,55,45,55,55,50,50,45,25,35,40,75,Very High,2023
1B,26,Andrew Knizner,28,R,R,35,45,45,50,45,60,50,50,45,50,45,40,30,45,50,Very High,2023
1B,30,Nathaniel Lowe,27,L,R,50,55,50,55,60,45,50,55,55,55,35,20,25,30,55,Very High,2023
1B,12,J.D. Martinez,35,R,R,55,60,65,60,55,45,60,65,60,60,35,25,40,50,35,Very High,2023
1B,13,J.J. Matijevic,27,L,R,45,45,60,65,60,35,40,60,45,65,45,35,45,60,55,Very High,2023
1B,14,Elehuris Montero,24,R,R,25,40,35,50,45,45,40,50,40,50,55,30,35,40,40,Very High,2023
1B,16,Colin Moran,30,L,R,45,50,55,50,55,50,45,45,50,50,55,35,35,35,60,Very High,2023
1B,6,Ryan Mountcastle,26,R,R,50,55,50,60,45,45,60,60,50,60,45,35,40,55,55,Very High,2023
1B,28,Matt Olson,29,L,R,70,60,45,70,65,50,50,65,60,70,50,25,35,35,75,Very High,2023
1B,18,Bryant Packard,25,L,R,40,45,45,55,55,40,45,55,45,55,50,35,40,65,55,Very High,2023
1B,1,Vinnie Pasquantino,25,L,L,55,65,60,60,55,65,60,55,65,60,40,30,30,45,45,Very High,2023
1B,32,Nick Pratto,24,L,L,65,55,55,65,60,40,50,65,60,70,50,30,40,65,65,Very High,2023
1B,48,Anthony Rizzo,33,L,L,50,50,40,55,55,60,50,50,50,55,45,55,30,65,70,Very High,2023
1B,33,Darin Ruf,36,R,R,50,50,50,60,60,40,55,65,50,60,45,35,30,55,55,Very High,2023
1B,2,Miguel Sanó,29,R,R,50,45,45,65,60,35,45,70,45,65,30,25,30,40,55,Very High,2023
1B,18,Frank Schwindel,30,R,R,45,55,50,60,35,60,55,60,55,60,45,25,35,35,50,Very High,2023
1B,23,Travis Shaw,32,L,R,45,40,45,55,60,40,35,50,40,55,25,30,30,65,70,Very High,2023
1B,75,Gavin Sheets,26,L,L,50,55,50,60,50,50,50,55,60,60,45,35,40,30,60,Very High,2023
1B,2,Dominic Smith,27,L,L,50,55,60,55,45,50,45,55,55,60,35,20,30,40,55,Very High,2023
1B,26,Pavin Smith,27,L,L,50,60,55,45,55,55,55,45,60,45,40,25,40,30,65,Very High,2023
1B,8,Justin Smoak,36,S,L,35,35,50,55,55,40,35,50,40,60,45,25,30,40,60,Very High,2023
1B,11,Rowdy Tellez,28,L,L,45,50,50,60,50,45,45,55,55,60,45,25,30,60,50,Very High,2023
1B,31,Matt Thaiss,27,L,R,40,45,50,50,60,45,40,50,45,50,50,30,40,55,60,Very High,2023
1B,20,Spencer Torkelson,23,R,R,55,50,55,65,60,45,50,65,45,65,50,45,40,50,55,Very High,2023
1B,25,Andrew Vaughn,24,R,R,60,60,65,55,60,55,65,55,60,55,50,30,35,40,60,Very High,2023
1B,19,Daniel Vogelbach,30,L,R,50,40,40,60,75,40,35,55,45,65,30,25,25,35,40,Very High,2023
1B,45,Luke Voit,32,R,R,50,55,40,60,55,40,55,65,50,60,45,35,30,40,50,Very High,2023
1B,19,Joey Votto,39,L,R,50,45,40,55,65,50,40,50,45,55,45,30,30,60,50,Very High,2023
1B,20,Jared Walsh,29,L,L,55,55,60,65,55,45,50,60,60,65,50,45,40,35,45,Very High,2023
1B,79,Colton Welker,25,R,R,50,55,55,50,60,60,60,55,55,50,60,35,35,50,55,Very High,2023
1B,40,Juan Yepez,25,R,R,55,55,55,60,50,55,60,65,55,60,50,45,40,40,60,Very High,2023
1B,38,Andy Yerzy,24,L,R,40,40,50,60,60,40,35,60,40,65,50,30,40,40,50,Very High,2023
2B,14,CJ Abrams,22,L,R,65,65,65,35,50,60,65,35,65,35,60,55,80,75,55,Very High,2023
2B,1,Ozzie Albies,26,S,R,60,50,75,55,50,50,55,55,50,55,65,60,55,70,55,Very High,2023
2B,27,Jose Altuve,32,R,R,65,55,60,55,55,65,60,55,55,55,65,70,35,60,55,Very High,2023
2B,18,Eddy Alvarez,33,S,R,35,45,55,40,50,45,45,45,45,40,65,50,45,60,50,Very High,2023
2B,39,Christian Arroyo,27,R,R,45,50,55,50,40,50,50,50,50,50,50,35,45,55,55,Very High,2023
2B,63,Ji-hwan Bae,23,L,R,35,50,50,35,55,50,45,35,50,35,50,45,60,65,45,Very High,2023
2B,6,Johan Camargo,29,S,R,40,45,50,50,45,50,50,55,45,50,60,50,50,55,55,Very High,2023
2B,77,Gabriel Cancel,26,R,R,35,45,55,50,45,45,45,55,45,50,50,45,60,70,45,Very High,2023
2B,24,Robinson Cano,40,L,R,20,45,50,45,35,50,45,40,50,45,55,25,40,45,40,Very High,2023
2B,30,Harold Castro,29,L,R,40,60,40,30,30,55,60,30,65,30,55,45,40,55,55,Very High,2023
2B,2,Jazz Chisholm Jr.,25,L,R,80,55,70,60,45,45,50,60,60,60,55,55,65,70,55,Very High,2023
2B,29,Christian Colon,33,R,R,25,40,45,40,50,60,40,40,40,40,65,50,50,60,50,Very High,2023
2B,9,Jake Cronenworth,29,L,R,60,55,65,50,55,65,50,50,55,50,50,45,35,60,55,Very High,2023
2B,19,Tommy Edman,27,S,R,60,60,55,40,40,70,55,40,60,40,65,55,65,65,65,Very High,2023
2B,5,Santiago Espinal,28,R,R,40,45,45,25,50,65,45,25,45,25,75,65,50,60,65,Very High,2023
2B,22,Kyle Farmer,32,R,R,45,50,45,45,35,55,55,45,50,45,55,30,40,55,60,Very High,2023
2B,22,David Fletcher,28,R,R,45,60,55,25,40,80,60,25,55,25,70,40,45,65,65,Very High,2023
2B,26,Adam Frazier,31,L,R,45,55,55,35,45,70,50,35,60,35,70,60,40,55,60,Very High,2023
2B,28,Leury Garcia,32,S,R,35,55,50,35,45,55,55,35,50,35,50,50,45,60,50,Very High,2023
2B,2,Luis Garcia,22,L,R,65,65,65,50,35,65,65,50,65,50,55,50,45,65,55,Very High,2023
2B,81,Nick Gonzales,23,R,R,45,45,60,50,50,45,50,50,45,50,55,25,45,55,55,Very High,2023
2B,18,Nolan Gorman,22,L,R,70,60,55,65,50,50,55,65,60,65,40,35,35,45,55,Very High,2023
2B,5,Tony Kemp,31,L,R,50,50,50,35,65,65,45,35,50,35,60,55,45,60,55,Very High,2023
2B,12,Ha-seong Kim,27,R,R,45,45,50,50,50,50,45,55,45,50,60,50,45,70,60,Very High,2023
2B,4,Scott Kingery,28,R,R,20,40,55,40,45,35,40,45,35,40,60,55,50,70,55,Very High,2023
2B,13,Ryan Kreidler,25,R,R,40,40,45,50,50,40,45,50,40,45,55,45,50,65,65,Very High,2023
2B,8,Tommy La Stella,34,L,R,50,60,45,50,50,80,55,45,65,50,55,55,40,40,50,Very High,2023
2B,26,DJ LeMahieu,34,R,R,50,55,50,40,50,65,60,40,55,40,75,60,30,60,60,Very High,2023
2B,98,Pedro Leon,24,R,R,40,40,60,55,55,35,45,55,40,55,50,40,70,70,50,Very High,2023
2B,1,Domingo Leyba,27,S,R,35,45,55,50,45,55,45,50,45,50,65,45,50,55,55,Very High,2023
2B,8,Brandon Lowe,28,L,R,65,45,50,65,55,35,45,60,45,65,55,40,30,65,50,Very High,2023
2B,9,Gavin Lux,25,L,R,70,55,60,50,60,50,55,50,60,50,55,50,35,65,60,Very High,2023
2B,1,Nick Madrigal,26,R,R,40,55,55,25,35,80,60,25,55,25,70,50,55,65,55,Very High,2023
2B,4,Ketel Marte,29,S,R,70,70,60,50,50,70,65,50,70,50,65,60,30,65,55,Very High,2023
2B,59,Jack Mayfield,32,R,R,40,45,50,50,40,50,50,55,45,50,55,50,40,60,60,Very High,2023
2B,8,Zach McKinstry,27,L,R,45,45,50,50,45,45,45,50,50,55,70,60,45,55,60,Very High,2023
2B,1,Jeff McNeil,30,L,R,65,75,60,40,45,80,65,35,75,40,55,45,35,55,50,Very High,2023
2B,20,Danny Mendick,29,R,R,30,40,35,40,55,50,45,40,40,40,70,55,45,60,55,Very High,2023
2B,25,Dylan Moore,30,R,R,40,40,55,50,55,40,40,55,40,50,60,50,75,70,55,Very High,2023
2B,12,Rougned Odor,29,L,R,45,40,55,60,50,40,40,60,40,60,70,65,45,50,55,Very High,2023
2B,1,Chris Owings,31,R,R,40,45,50,50,50,40,45,50,45,50,60,55,60,65,55,Very High,2023
2B,11,Jorge Polanco,29,S,R,60,50,55,55,50,55,45,60,55,55,65,65,45,60,60,Very High,2023
2B,12,Luis Rengifo,26,S,R,40,50,50,45,50,55,45,45,50,45,50,30,55,65,55,Very High,2023
2B,7,Brendan Rodgers,26,R,R,55,50,50,50,35,50,55,55,50,50,45,40,35,55,60,Very High,2023
2B,13,Amed Rosario,27,R,R,25,55,55,45,40,55,60,45,50,40,55,50,50,70,30,Very High,2023
2B,32,Max Schrock,28,L,R,45,60,50,45,50,60,55,45,60,45,65,35,45,65,50,Very High,2023
2B,11,Jean Segura,33,R,R,55,60,50,40,40,70,65,40,60,40,65,60,45,60,60,Very High,2023
2B,2,Marcus Semien,32,R,R,75,50,55,60,55,50,55,65,45,60,55,55,45,65,60,Very High,2023
2B,4,Eric Sogard,36,L,R,25,45,40,35,45,65,40,30,45,35,55,45,40,60,55,Very High,2023
2B,63,Edmundo Sosa,27,R,R,50,55,45,40,35,55,60,45,55,40,70,60,40,55,65,Very High,2023
2B,10,Trevor Story,30,R,R,65,50,65,55,55,45,55,60,45,55,50,50,60,65,55,Very High,2023
2B,7,Bryson Stott,25,L,R,50,45,50,45,60,45,45,45,45,45,50,40,45,60,60,Very High,2023
2B,25,Gleyber Torres,26,R,R,65,55,50,55,55,50,60,55,55,55,60,40,40,60,55,Very High,2023
2B,76,Wilfredo Tovar,31,R,R,40,45,45,35,45,70,50,40,45,30,55,55,45,60,70,Very High,2023
2B,2,Luis Urias,25,R,R,75,55,55,55,60,50,55,55,50,55,65,55,25,65,60,Very High,2023
2B,29,Ramon Urias,28,R,R,50,50,60,45,55,50,55,50,50,45,50,40,45,50,55,Very High,2023
2B,7,Josh VanMeter,28,L,R,35,40,55,50,60,45,40,45,40,50,50,20,45,60,50,Very High,2023
2B,70,Andrew Velazquez,28,S,R,40,45,60,40,50,40,50,45,45,40,70,45,75,75,50,Very High,2023
2B,14,Tyler Wade,28,L,R,40,45,50,30,50,50,40,30,45,30,55,45,70,70,60,Very High,2023
2B,31,Donovan Walton,28,L,R,40,45,50,40,45,65,45,40,45,40,60,50,55,55,60,Very High,2023
2B,18,Joey Wendle,32,L,R,45,55,70,40,40,55,50,40,55,40,55,50,50,65,55,Very High,2023
2B,16,Kolten Wong,32,L,R,60,60,55,45,50,60,55,40,60,45,60,60,50,65,60,Very High,2023
3B,15,Brian Anderson,29,R,R,50,50,50,55,55,50,55,55,50,55,55,40,45,45,45,Very High,2023
3B,29,Miguel Andújar,28,R,R,40,50,50,55,35,55,55,55,50,55,35,30,45,50,45,Very High,2023
3B,45,Yasel Antuna,23,S,R,40,50,65,45,50,50,55,45,50,45,55,50,60,55,55,Very High,2023
3B,28,Nolan Arenado,31,R,R,75,60,50,65,50,60,60,65,55,60,35,35,40,35,75,Very High,2023
3B,17,Tim Beckham,33,R,R,35,40,50,55,40,40,45,55,40,55,60,65,40,55,50,Very High,2023
3B,2,Alex Bregman,29,R,R,70,60,65,55,70,65,60,60,55,55,60,40,35,65,50,Very High,2023
3B,46,Jeimer Candelario,29,S,R,50,50,65,50,60,50,45,50,50,50,50,35,45,40,50,Very High,2023
3B,12,Yu Chang,27,R,R,40,45,55,55,45,40,50,55,45,55,55,35,40,55,50,Very High,2023
3B,26,Matt Chapman,29,R,R,65,40,50,60,60,35,40,60,40,60,40,35,45,45,75,Very High,2023
3B,21,Kody Clemens,26,L,R,40,45,55,55,45,45,40,55,45,55,60,55,55,55,50,Very High,2023
3B,60,Cheslor Cuthbert,30,R,R,30,40,45,50,45,50,40,50,40,50,45,25,40,40,45,Very High,2023
3B,28,J.D. Davis,29,R,R,50,55,50,50,55,45,60,50,55,50,50,30,35,45,40,Very High,2023
3B,11,Rafael Devers,26,L,R,60,55,55,65,55,45,50,60,60,65,45,30,35,60,45,Very High,2023
3B,15,Wilmer Difo,30,S,R,40,50,40,30,50,50,50,35,45,30,70,65,45,65,60,Very High,2023
3B,28,Josh Donaldson,37,R,R,50,40,45,60,70,50,45,65,40,55,55,25,35,65,50,Very High,2023
3B,2,Yandy Díaz,31,R,R,50,55,45,45,60,60,55,45,55,45,70,35,40,45,45,Very High,2023
3B,10,Eduardo Escobar,34,S,R,50,50,55,60,50,50,50,65,45,60,65,50,45,45,50,Very High,2023
3B,18,Didi Gregorius,33,L,R,40,45,50,50,45,65,45,40,50,50,75,65,40,60,40,Very High,2023
3B,13,Ke'Bryan Hayes,26,R,R,60,55,60,45,50,50,60,45,55,45,60,40,35,70,65,Very High,2023
3B,11,Gunnar Henderson,21,L,R,40,45,50,50,45,40,45,50,45,50,55,35,45,70,55,Very High,2023
3B,77,Andy Ibanez,29,R,R,50,55,50,50,45,65,60,50,55,45,55,40,45,55,55,Very High,2023
3B,6,Jonathan India,26,R,R,55,50,60,55,55,45,50,55,45,55,50,45,40,65,50,Very High,2023
3B,70,Josh Jung,25,R,R,60,55,70,55,50,50,60,55,55,55,45,35,40,65,50,Very High,2023
3B,17,Buddy Kennedy,24,R,R,45,55,40,60,50,45,55,60,50,60,50,30,45,65,40,Very High,2023
3B,8,Carter Kieboom,25,R,R,45,45,40,50,55,45,50,50,45,50,55,40,45,50,50,Very High,2023
3B,13,Manny Machado,30,R,R,70,60,50,60,55,55,65,55,60,60,60,65,40,65,65,Very High,2023
3B,67,Nick Maton,26,L,R,55,50,60,45,65,50,45,45,50,45,55,50,40,55,55,Very High,2023
3B,24,Ryan McMahon,28,L,R,55,45,45,55,60,40,40,50,45,55,35,25,40,70,60,Very High,2023
3B,10,Yoan Moncada,27,S,R,60,55,60,50,55,40,55,45,55,50,55,55,30,65,50,Very High,2023
3B,9,Mike Moustakas,34,L,R,45,45,55,55,50,50,45,55,45,55,35,25,40,40,45,Very High,2023
3B,13,Max Muncy,32,L,R,60,45,50,70,65,40,40,65,45,70,45,40,35,40,40,Very High,2023
3B,41,Yairo Munoz,28,R,R,35,55,50,30,30,60,60,35,55,30,70,55,55,65,50,Very High,2023
3B,16,Sheldon Neuse,28,R,R,45,50,45,55,45,40,55,55,50,55,55,40,35,60,50,Very High,2023
3B,11,Jose Ramirez,30,S,R,70,50,75,65,55,65,50,65,50,65,65,45,65,65,55,Very High,2023
3B,6,Anthony Rendon,32,R,R,70,60,60,55,60,60,65,55,60,55,55,40,40,65,50,Very High,2023
3B,27,Austin Riley,25,R,R,55,55,55,60,50,40,60,65,55,60,50,40,40,40,45,Very High,2023
3B,30,Daniel Robertson,29,R,R,40,40,35,40,65,40,40,45,40,40,50,50,50,45,45,Very High,2023
3B,1,Josh Rojas,28,L,R,40,50,50,45,60,50,45,45,50,45,40,35,60,65,45,Very High,2023
3B,64,Jose Rondon,29,R,R,40,40,40,60,45,45,45,65,40,60,60,55,50,60,50,Very High,2023
3B,9,Corey Seager,28,L,R,70,70,60,60,50,60,65,55,75,60,65,40,45,50,50,Very High,2023
3B,6,Austin Shenton,25,L,R,45,55,55,50,55,45,50,50,55,55,55,35,45,50,40,Very High,2023
3B,28,Eugenio Suárez,31,R,R,50,40,40,65,60,35,45,65,40,65,50,50,40,60,55,Very High,2023
3B,3,Cole Tucker,26,S,R,45,40,55,35,55,45,40,35,45,35,55,50,50,65,60,Very High,2023
3B,10,Justin Turner,38,R,R,50,50,40,55,55,50,55,55,50,55,65,40,45,60,40,Very High,2023
3B,15,Gio Urshela,31,R,R,60,65,55,55,40,55,70,50,60,55,55,45,35,35,60,Very High,2023
3B,16,Patrick Wisdom,31,R,R,50,45,35,65,50,35,45,70,45,65,50,45,30,65,55,Very High,2023
3B,7,Bobby Witt Jr.,22,R,R,75,65,55,60,50,50,70,60,65,60,55,45,70,75,65,Very High,2023
SS,27,Willy Adames,27,R,R,50,45,50,55,55,40,50,60,45,55,55,50,40,55,50,Very High,2023
SS,13,Nick Ahmed,33,R,R,55,50,60,40,50,55,55,40,45,40,60,55,40,65,65,Very High,2023
SS,2,Nick Allen,24,R,R,50,50,55,40,50,65,50,40,50,40,65,50,55,65,65,Very High,2023
SS,7,Tim Anderson,29,R,R,70,80,60,50,30,50,80,55,75,50,55,55,55,65,55,Very High,2023
SS,11,Orlando Arcia,28,R,R,45,45,40,50,50,55,45,50,45,50,50,40,40,60,55,Very High,2023
SS,0,Aeverson Arteaga,20,R,R,30,40,40,35,35,45,40,35,40,35,50,45,60,55,45,Very High,2023
SS,28,Javier Baez,30,R,R,60,50,50,60,35,40,60,60,50,55,45,55,55,65,65,Very High,2023
SS,17,Jose Barrero,24,R,R,60,55,55,50,50,50,60,50,55,50,55,50,50,70,60,Very High,2023
SS,11,Bo Bichette,25,R,R,70,70,65,60,45,55,75,60,70,60,50,40,60,75,50,Very High,2023
SS,2,Xander Bogaerts,30,R,R,65,65,65,55,55,50,75,60,65,55,35,50,30,65,45,Very High,2023
SS,8,Willi Castro,25,S,R,35,40,55,35,35,40,35,35,40,35,55,45,50,65,50,Very High,2023
SS,14,Carlos Correa,28,R,R,75,60,55,55,60,50,65,60,60,55,50,50,35,65,70,Very High,2023
SS,3,J.P. Crawford,28,L,R,55,60,55,40,50,55,55,35,60,40,55,60,30,55,55,Very High,2023
SS,61,Oneil Cruz,24,L,R,55,60,60,55,45,50,55,55,60,55,50,50,60,70,45,Very High,2023
SS,11,Paul DeJong,29,R,R,45,35,45,55,50,40,40,60,35,55,60,50,30,60,55,Very High,2023
SS,61,Jose Devers,23,L,R,50,50,55,25,50,60,50,25,50,25,50,45,60,65,55,Very High,2023
SS,14,Mauricio Dubon,28,R,R,45,50,40,45,35,55,55,45,50,45,50,55,45,60,45,Very High,2023
SS,39,Thairo Estrada,27,R,R,50,50,45,55,40,55,55,55,50,50,55,50,50,70,50,Very High,2023
SS,5,Wander Franco,22,S,R,75,80,75,55,45,80,80,55,80,55,60,50,50,60,60,Very High,2023
SS,32,Mike Freeman,35,L,R,35,40,45,35,50,40,40,30,40,35,45,40,45,60,50,Very High,2023
SS,4,Tyler Freeman,23,R,R,45,60,55,25,30,80,65,25,60,25,55,50,50,70,50,Very High,2023
SS,0,Andres Gimenez,24,L,R,45,45,55,40,35,45,45,40,45,40,65,50,60,75,55,Very High,2023
SS,8,Erik González,31,R,R,40,45,40,30,35,50,45,30,45,30,55,50,45,60,60,Very High,2023
SS,1,Nick Gordon,27,L,R,40,50,50,35,40,50,45,35,50,35,65,60,65,75,50,Very High,2023
SS,2,Nico Hoerner,25,R,R,50,60,50,25,50,65,60,25,55,25,70,55,55,65,60,Very High,2023
SS,10,Kyle Holder,28,L,R,40,40,45,30,45,55,40,30,40,30,65,45,40,60,60,Very High,2023
SS,11,Jose Iglesias,33,R,R,50,60,55,25,25,75,60,30,55,25,65,40,35,60,60,Very High,2023
SS,15,Isiah Kiner-Falefa,28,R,R,45,55,40,35,35,70,55,35,55,35,60,45,50,70,55,Very High,2023
SS,14,Royce Lewis,23,R,R,45,45,60,40,40,50,50,40,45,40,60,55,65,65,55,Very High,2023
SS,12,Francisco Lindor,29,S,R,70,50,50,55,55,50,55,55,50,55,65,55,50,65,75,Very High,2023
SS,8,Nicky Lopez,28,L,R,60,55,50,25,50,70,55,25,60,25,55,65,50,75,70,Very High,2023
SS,16,Owen Miller,26,R,R,45,55,55,40,40,50,55,45,55,40,50,30,30,50,45,Very High,2023
SS,50,Adalberto Mondesi,27,S,R,55,50,60,50,35,40,50,55,50,50,60,65,75,75,60,Very High,2023
SS,67,Max Moroff,29,S,R,40,35,40,50,60,40,35,50,35,50,55,55,40,60,45,Very High,2023
SS,89,Jeremy Pena,25,R,R,50,45,45,50,45,40,50,55,45,50,50,50,50,65,60,Very High,2023
SS,84,Geraldo Perdomo,23,S,R,45,40,45,30,60,50,45,30,40,30,55,55,50,65,55,Very High,2023
SS,4,Matt Reynolds,32,R,R,40,40,55,30,55,40,45,30,40,30,70,55,50,55,45,Very High,2023
SS,69,Alfredo Rodriguez,28,R,R,45,45,40,25,35,55,50,25,45,25,55,40,35,55,65,Very High,2023
SS,33,Miguel Rojas,34,R,R,50,55,55,35,45,75,65,35,55,35,55,40,45,60,60,Very High,2023
SS,23,Yolbert Sanchez,26,R,R,45,60,30,40,30,65,60,40,55,40,60,45,35,50,55,Very High,2023
SS,19,Andrelton Simmons,33,R,R,45,45,35,25,45,80,50,30,45,25,45,50,45,65,65,Very High,2023
SS,24,Dansby Swanson,29,R,R,55,50,55,55,55,45,55,60,50,55,60,45,40,65,50,Very High,2023
SS,23,Fernando Tatis Jr.,24,R,R,80,65,60,70,55,45,70,75,60,70,60,50,70,80,60,Very High,2023
SS,6,Trea Turner,29,R,R,80,80,60,55,45,60,80,60,80,55,55,55,65,70,50,Very High,2023
SS,11,Anthony Volpe,21,R,R,60,55,50,55,55,50,55,60,55,55,65,50,60,70,55,Very High,2023
LF,7,Jo Adell,23,R,R,50,50,55,60,45,45,55,60,50,60,60,45,45,65,70,Very High,2023
LF,13,Abraham Almonte,33,S,R,45,40,60,50,65,45,40,45,40,50,60,55,50,60,60,Very High,2023
LF,44,Yordan Alvarez,25,L,R,80,70,65,70,55,45,65,65,75,70,45,45,35,45,50,Very High,2023
LF,95,Trey Amburgey,28,R,R,40,45,60,50,40,40,45,50,45,50,50,50,45,65,65,Very High,2023
LF,56,Randy Arozarena,28,R,R,60,50,55,55,55,40,55,55,50,55,55,55,65,65,70,Very High,2023
LF,2,Luis Arraez,25,L,R,65,80,55,25,60,80,75,25,80,25,55,50,30,60,50,Very High,2023
LF,80,Seth Beer,26,L,R,45,50,50,55,50,45,45,50,50,55,50,30,30,35,40,Very High,2023
LF,21,Andrew Benintendi,28,L,L,50,55,55,50,50,55,45,45,60,50,70,55,40,60,55,Very High,2023
LF,3,Michael Brantley,35,L,L,50,70,55,35,45,80,60,30,70,35,70,45,35,65,45,Very High,2023
LF,15,Seth Brown,30,L,L,40,40,55,60,45,40,35,60,40,60,40,45,40,65,65,Very High,2023
LF,71,Jaycob Brugman,31,L,L,50,45,50,60,45,40,45,55,45,60,55,50,45,60,70,Very High,2023
LF,20,Kris Bryant,31,R,R,55,50,55,55,60,45,55,60,50,55,55,40,25,65,55,Very High,2023
LF,24,Alec Burleson,24,L,L,50,65,50,55,45,55,60,55,65,55,45,25,35,40,50,Very High,2023
LF,11,Willie Calhoun,28,L,R,35,50,45,50,45,65,45,50,50,55,50,30,45,40,40,Very High,2023
LF,19,Mark Canha,34,R,R,60,50,50,55,65,50,50,50,50,55,45,35,35,65,60,Very High,2023
LF,9,Nick Castellanos,31,R,R,60,70,70,60,40,50,75,65,70,60,60,40,45,40,35,Very High,2023
LF,14,Bryan De La Cruz,26,R,R,50,65,45,50,50,50,70,50,60,50,55,40,45,60,60,Very High,2023
LF,18,Alex Dickerson,32,L,L,40,45,45,55,50,45,40,50,45,55,40,35,35,40,45,Very High,2023
LF,5,Derek Fisher,29,L,R,40,40,40,55,60,35,40,50,40,55,55,40,45,65,60,Very High,2023
LF,27,Jake Fraley,27,L,L,40,35,45,50,60,35,35,50,35,50,60,65,55,65,65,Very High,2023
LF,77,Clint Frazier,28,R,R,45,45,60,50,60,40,45,55,45,50,55,40,35,65,60,Very High,2023
LF,13,Joey Gallo,29,L,R,75,40,35,75,80,35,40,70,40,75,35,60,40,60,70,Very High,2023
LF,13,Lourdes Gurriel Jr.,29,R,R,50,60,55,55,35,55,65,55,60,55,60,35,45,60,50,Very High,2023
LF,8,Ian Happ,28,S,R,70,50,50,65,65,40,50,60,50,65,65,55,40,65,65,Very High,2023
LF,21,Austin Hays,27,R,R,55,55,55,55,40,50,55,55,55,55,55,50,40,55,65,Very High,2023
LF,67,Michael Hermosillo,28,R,R,45,45,40,55,50,35,45,60,45,55,50,55,55,65,70,Very High,2023
LF,29,Yadiel Hernandez,35,L,R,45,55,35,55,50,50,45,50,55,55,60,35,40,60,45,Very High,2023
LF,22,Sam Hilliard,29,L,L,40,40,40,60,50,35,35,55,40,60,50,50,55,70,65,Very High,2023
LF,19,Cooper Hummel,28,S,R,45,40,45,50,65,40,40,50,40,50,50,40,45,45,55,Very High,2023
LF,74,Eloy Jimenez,26,R,R,50,50,50,65,40,45,55,65,50,65,55,30,40,45,50,Very High,2023
LF,10,Jarred Kelenic,23,L,L,60,55,65,60,55,50,55,60,60,60,55,45,55,65,65,Very High,2023
LF,19,Alex Kirilloff,25,L,L,55,60,50,60,50,50,55,55,60,60,55,50,40,55,55,Very High,2023
LF,38,Steven Kwan,25,L,L,45,60,55,35,45,80,60,35,60,35,55,45,35,60,65,Very High,2023
LF,20,Chas McCormick,27,R,L,50,50,45,50,55,45,55,50,50,50,55,45,45,60,60,Very High,2023
LF,1,Billy McKinney,28,L,L,35,40,60,50,55,40,35,50,40,50,55,35,50,60,55,Very High,2023
LF,17,Austin Meadows,27,L,L,50,50,60,60,50,50,45,55,50,60,50,50,40,60,55,Very High,2023
LF,35,Oscar Mercado,28,R,R,45,45,50,45,50,50,45,50,45,45,70,50,55,70,70,Very High,2023
LF,13,Brad Miller,33,L,R,45,45,40,60,60,35,40,55,45,60,60,60,45,60,55,Very High,2023
LF,27,Tyler O'Neill,27,R,R,65,55,50,65,50,35,60,70,55,65,55,35,50,65,60,Very High,2023
LF,14,Edward Olivares,27,R,R,45,50,45,55,45,50,55,55,50,55,60,50,55,70,55,Very High,2023
LF,20,Marcell Ozuna,32,R,R,50,55,45,60,55,50,60,65,50,60,50,45,40,65,50,Very High,2023
LF,11,Daniel Palka,31,L,L,30,40,40,55,55,45,35,50,40,60,35,25,35,60,40,Very High,2023
LF,28,Tommy Pham,35,R,R,50,45,45,50,65,45,45,55,45,50,60,35,50,65,55,Very High,2023
LF,21,Nick Plummer,26,L,L,55,45,55,55,65,40,45,55,45,55,50,45,45,55,65,Very High,2023
LF,18,AJ Pollock,35,R,R,40,45,50,50,50,50,55,60,45,50,45,45,50,65,55,Very High,2023
LF,10,Jurickson Profar,30,S,R,40,45,55,45,55,65,40,45,45,45,45,30,40,65,60,Very High,2023
LF,10,Bryan Reynolds,28,S,R,75,65,60,55,60,50,60,55,65,55,60,55,40,60,75,Very High,2023
LF,9,Eddie Rosario,31,L,R,50,60,50,60,40,55,50,50,60,60,50,45,40,65,50,Very High,2023
LF,22,Kyle Schwarber,30,L,R,60,45,50,65,70,40,45,60,50,65,55,35,40,40,45,Very High,2023
LF,27,Giancarlo Stanton,33,R,R,55,50,40,65,60,40,55,70,50,65,40,50,35,60,50,Very High,2023
LF,65,Jack Suwinski,24,L,L,50,45,50,60,65,40,45,55,45,60,50,45,50,60,55,Very High,2023
LF,3,Chris Taylor,32,R,R,50,45,65,50,55,40,45,50,45,50,60,55,40,65,70,Very High,2023
LF,15,Tyrone Taylor,29,R,R,40,45,50,50,45,50,45,55,45,50,50,50,50,65,60,Very High,2023
LF,28,Lane Thomas,27,R,R,45,45,50,50,60,40,45,50,45,50,60,55,55,65,60,Very High,2023
LF,84,Bubba Thompson,24,R,R,45,45,55,55,45,45,50,55,45,55,55,55,60,70,65,Very High,2023
LF,9,Taylor Trammell,25,L,L,40,40,40,50,55,35,35,50,40,55,55,60,55,65,70,Very High,2023
LF,27,Mike Trout,31,R,R,80,60,55,70,80,40,60,65,60,70,70,55,35,70,55,Very High,2023
LF,12,Daulton Varsho,26,L,R,55,50,50,55,55,50,45,50,50,55,45,35,50,70,70,Very High,2023
LF,99,Alex Verdugo,26,L,L,55,60,55,45,50,65,55,40,65,45,50,40,40,65,70,Very High,2023
LF,31,LaMonte Wade Jr.,29,L,L,60,50,50,60,55,45,45,60,50,60,55,50,40,65,65,Very High,2023
LF,3,Taylor Ward,29,R,R,70,55,60,60,60,45,60,60,55,60,45,25,40,65,55,Very High,2023
LF,16,Jesse Winker,29,L,L,65,60,60,55,60,60,50,50,65,60,35,30,25,55,40,Very High,2023
LF,22,Christian Yelich,31,L,R,50,45,50,50,65,45,40,50,45,55,50,55,50,70,60,Very High,2023
CF,13,Ronald Acuna Jr.,25,R,R,75,60,55,70,65,45,60,70,60,70,55,50,55,70,50,Very High,2023
CF,20,Shogo Akiyama,34,L,R,45,55,50,40,50,55,50,35,55,40,55,45,45,50,50,Very High,2023
CF,60,Akil Baddoo,24,L,L,50,45,60,50,55,45,45,50,45,50,50,45,55,70,55,Very High,2023
CF,48,Harrison Bader,28,R,R,65,50,55,55,50,45,55,60,50,55,50,60,50,65,70,Very High,2023
CF,35,Cody Bellinger,27,L,L,55,45,50,60,65,45,40,60,45,60,50,35,45,65,55,Very High,2023
CF,7,Vidal Bruján,25,S,R,45,55,60,40,50,55,50,35,55,40,65,70,80,75,50,Very High,2023
CF,25,Byron Buxton,29,R,R,70,55,70,60,35,45,55,60,55,60,60,60,55,70,75,Very High,2023
CF,22,Corbin Carroll,22,L,L,60,60,65,50,50,50,60,45,60,50,60,60,75,70,60,Very High,2023
CF,60,Jake Cave,30,L,L,45,45,50,50,45,35,45,45,45,50,55,40,40,60,50,Very High,2023
CF,67,Gilberto Celestino,24,R,L,40,45,55,40,55,50,45,40,45,40,45,45,30,60,50,Very High,2023
CF,91,Pete Crow-Armstrong,21,L,L,45,40,55,40,50,40,40,40,40,40,50,50,55,60,70,Very High,2023
CF,12,Yonathan Daza,29,R,R,35,50,50,25,35,60,55,25,50,25,60,45,40,60,50,Very High,2023
CF,6,Steven Duggar,29,L,R,50,50,60,45,50,40,45,45,55,45,65,60,55,70,60,Very High,2023
CF,15,Adam Engel,31,R,R,50,50,55,50,40,45,50,50,45,50,55,55,60,65,60,Very High,2023
CF,90,Estevan Florial,25,L,R,30,35,40,50,50,30,35,50,35,50,50,50,60,60,50,Very High,2023
CF,53,Adolis García,30,R,R,45,45,45,60,30,35,45,60,45,60,60,50,55,65,55,Very High,2023
CF,2,Trent Grisham,26,L,L,50,45,55,50,60,45,45,50,50,50,55,65,50,70,55,Very High,2023
CF,67,Jameson Hannah,25,L,L,40,45,50,30,50,45,40,25,45,30,55,60,55,70,55,Very High,2023
CF,38,Guillermo Heredia,32,R,L,40,35,60,35,55,40,35,40,35,35,55,55,40,50,60,Very High,2023
CF,22,Jason Heyward,33,L,L,45,45,40,50,60,55,40,45,50,50,50,35,40,60,55,Very High,2023
CF,28,Kyle Isbel,26,L,R,55,55,65,50,50,50,50,50,55,50,50,50,55,70,55,Very High,2023
CF,23,JaCoby Jones,30,R,R,40,45,55,50,40,40,45,50,45,45,60,45,45,55,60,Very High,2023
CF,78,Jahmai Jones,25,R,R,45,45,45,50,50,50,50,50,45,50,55,55,50,65,55,Very High,2023
CF,39,Kevin Kiermaier,32,L,R,45,45,55,35,50,45,40,35,45,40,60,50,60,65,65,Very High,2023
CF,1,Kyle Lewis,27,R,R,55,55,45,50,55,45,60,50,55,50,50,50,35,60,60,Very High,2023
CF,19,Tim Locastro,30,R,R,50,50,65,35,40,55,55,40,50,35,60,50,60,70,50,Very High,2023
CF,50,Brandon Lockridge,26,R,R,35,40,45,45,45,40,40,45,40,45,50,60,65,70,50,Very High,2023
CF,16,Brandon Marsh,25,L,R,55,50,55,50,55,45,45,50,50,50,60,60,50,70,65,Very High,2023
CF,5,Jorge Mateo,27,R,R,40,45,65,40,35,40,45,40,45,40,50,55,70,65,50,Very High,2023
CF,26,Ryan McKenna,26,R,R,45,45,45,50,55,40,45,50,45,50,55,50,55,60,50,Very High,2023
CF,92,Brian Miller,27,L,R,40,55,45,25,45,55,50,25,55,25,55,50,65,70,50,Very High,2023
CF,31,Cedric Mullins,28,L,L,65,55,60,55,50,55,50,50,60,55,55,65,60,75,65,Very High,2023
CF,78,Simon Muzziotti,24,L,L,45,60,45,30,45,70,55,30,60,30,65,50,60,60,55,Very High,2023
CF,9,Brandon Nimmo,30,L,R,65,65,55,45,70,55,55,40,65,45,55,55,40,55,50,Very High,2023
CF,20,Cristian Pache,24,R,R,50,45,55,50,50,45,45,50,45,50,55,55,50,65,75,Very High,2023
CF,38,Everson Pereira,21,R,R,50,45,55,70,50,40,50,70,45,70,55,55,60,60,55,Very High,2023
CF,4,Brett Phillips,28,L,R,50,35,40,55,60,35,35,50,40,55,55,50,65,70,65,Very High,2023
CF,78,Corey Ray,28,L,L,35,35,50,45,50,30,35,45,35,45,50,50,55,65,60,Very High,2023
CF,88,Luis Robert,25,R,R,60,60,60,55,35,45,70,60,60,55,50,40,50,65,60,Very High,2023
CF,16,Victor Robles,25,R,R,55,50,55,45,55,55,55,50,50,45,60,60,55,65,60,Very High,2023
CF,7,Jesus Sanchez,25,L,R,50,55,50,55,35,45,50,55,55,55,55,50,40,55,50,Very High,2023
CF,15,Nick Senzel,27,R,R,45,55,55,45,50,50,55,45,50,45,55,50,60,60,50,Very High,2023
CF,26,Jose Siri,27,R,R,40,45,50,50,40,30,45,50,40,50,60,60,65,75,50,Very High,2023
CF,13,Austin Slater,30,R,R,50,45,50,50,55,45,45,55,45,50,60,20,55,70,50,Very High,2023
CF,23,Mallex Smith,29,L,R,35,45,55,25,45,50,40,25,45,25,60,60,75,75,45,Very High,2023
CF,4,George Springer,33,R,R,55,55,50,60,50,50,60,65,50,55,50,50,35,55,50,Very High,2023
CF,7,Myles Straw,28,R,R,55,60,50,25,55,55,65,25,60,25,55,55,60,70,65,Very High,2023
CF,75,Travis Swaggerty,25,L,L,50,45,55,40,55,45,45,40,50,40,55,50,55,70,65,Very High,2023
CF,5,Leody Taveras,24,S,R,45,40,45,50,45,35,40,55,40,50,55,50,60,70,65,Very High,2023
CF,12,Michael A. Taylor,32,R,R,50,45,45,50,45,40,45,50,45,45,55,55,60,65,75,Very High,2023
CF,74,Drew Waters,24,S,R,45,45,60,45,55,40,45,45,45,45,60,55,60,70,50,Very High,2023
CF,7,Bradley Zimmer,30,L,R,45,40,35,50,55,35,35,45,40,50,55,50,60,70,55,Very High,2023
RF,77,Micker Adolfo,26,R,R,40,40,55,60,40,30,45,65,40,60,45,35,40,50,55,Very High,2023
RF,6,Greg Allen,30,S,R,45,45,50,30,45,50,45,30,50,35,60,60,65,70,70,Very High,2023
RF,44,Aristides Aquino,28,R,R,40,40,40,65,55,30,40,65,40,65,50,40,35,65,50,Very High,2023
RF,15,Matt Beaty,29,L,R,45,50,55,45,50,60,55,45,50,45,50,45,50,50,45,Very High,2023
RF,50,Mookie Betts,30,R,R,65,65,60,60,60,65,65,60,60,60,45,50,50,70,60,Very High,2023
RF,19,Charlie Blackmon,36,L,L,40,50,50,45,50,60,45,40,50,50,65,60,40,55,40,Very High,2023
RF,67,JJ Bleday,25,L,L,50,50,65,60,50,50,50,55,55,60,50,40,45,50,60,Very High,2023
RF,17,Branden Boissiere,23,L,L,35,45,50,40,45,40,45,40,45,40,60,50,45,55,45,Very High,2023
RF,4,Skye Bolt,29,S,R,35,40,50,50,50,40,40,45,40,50,55,50,50,65,55,Very High,2023
RF,14,Daniel Cabrera,24,L,L,45,55,50,55,35,55,55,55,55,55,50,45,50,50,55,Very High,2023
RF,56,Kole Calhoun,35,L,L,45,45,40,60,55,45,40,55,45,60,45,40,45,45,60,Very High,2023
RF,3,Dylan Carlson,24,S,L,55,55,70,50,55,50,50,50,55,55,50,40,55,70,60,Very High,2023
RF,16,Diego Castillo,25,R,R,45,60,55,50,50,75,60,50,60,50,65,55,35,60,50,Very High,2023
RF,46,Oscar Colas,24,L,L,50,55,60,55,50,50,50,55,55,55,50,35,45,45,50,Very High,2023
RF,30,Michael Conforto,30,L,R,50,50,50,50,60,50,45,50,55,50,45,40,40,60,55,Very High,2023
RF,0,Austin Dean,29,R,R,40,45,55,50,50,45,50,50,45,50,50,40,40,60,45,Very High,2023
RF,19,Hunter Dozier,31,R,R,45,45,55,55,55,45,50,55,45,55,45,35,35,60,45,Very High,2023
RF,24,Avisail Garcia,31,R,R,50,55,45,60,45,45,60,60,55,55,60,55,40,60,55,Very High,2023
RF,8,Kyle Garlick,31,R,R,45,45,60,60,40,40,45,65,45,60,50,45,45,40,50,Very High,2023
RF,31,Riley Greene,22,L,L,60,65,65,55,55,45,60,55,70,55,50,50,40,75,50,Very High,2023
RF,15,Randal Grichuk,31,R,R,45,50,55,55,40,50,55,55,45,55,35,25,45,60,60,Very High,2023
RF,25,Mitch Haniger,32,R,R,50,50,50,60,50,45,50,60,55,60,50,50,40,60,50,Very High,2023
RF,3,Bryce Harper,30,L,R,80,65,60,70,75,45,50,60,70,70,50,55,40,65,55,Very High,2023
RF,23,Michael Harris II,22,L,L,55,65,65,55,50,55,60,50,65,55,60,45,60,75,60,Very High,2023
RF,24,Austin Hendrick,21,L,L,45,45,60,65,50,30,45,65,45,65,60,55,50,60,60,Very High,2023
RF,18,Enrique Hernández,31,R,R,45,45,55,50,55,55,50,50,45,50,65,60,45,50,60,Very High,2023
RF,37,Teoscar Hernández,30,R,R,55,55,50,60,50,40,55,65,50,60,55,50,45,60,55,Very High,2023
RF,99,Aaron Judge,30,R,R,70,60,40,70,55,40,60,70,60,70,45,40,35,60,65,Very High,2023
RF,26,Max Kepler,30,L,L,50,45,55,55,55,55,40,55,45,55,55,40,40,65,65,Very High,2023
RF,22,Ramon Laureano,28,R,R,60,55,60,60,50,45,60,60,55,55,50,45,55,65,70,Very High,2023
RF,15,Josh Lowe,25,L,R,45,45,55,55,55,35,45,55,50,55,55,50,60,70,35,Very High,2023
RF,8,Jordan Luplow,29,R,R,50,45,55,55,65,40,50,60,45,55,45,35,40,55,50,Very High,2023
RF,13,Manuel Margot,28,R,R,50,50,55,45,55,55,55,40,50,45,55,55,60,65,70,Very High,2023
RF,6,Starling Marte,34,R,R,65,75,55,50,45,55,75,50,75,50,55,60,65,70,65,Very High,2023
RF,17,Whit Merrifield,34,R,R,45,55,60,35,40,60,60,40,55,35,65,60,60,70,60,Very High,2023
RF,97,Jake Meyers,26,R,L,45,45,55,50,50,45,50,55,45,50,60,60,50,65,55,Very High,2023
RF,15,Wil Myers,32,R,R,45,50,55,50,55,40,50,50,50,50,30,25,50,60,55,Very High,2023
RF,12,Tyler Naquin,31,L,R,50,55,55,50,50,50,50,45,55,50,50,45,45,60,60,Very High,2023
RF,17,Shohei Ohtani,28,L,R,80,60,60,70,70,40,50,70,60,75,65,55,60,65,45,Very High,2023
RF,66,Rafael Ortega,31,L,R,45,50,50,50,50,55,45,45,50,50,60,50,55,60,55,Very High,2023
RF,18,Andy Pages,22,R,R,45,45,50,65,50,35,45,65,45,65,50,45,50,50,55,Very High,2023
RF,15,Jairo Pomares,22,L,R,50,60,65,65,30,45,55,65,60,65,45,40,30,45,55,Very High,2023
RF,62,Luke Raley,28,L,R,45,45,40,60,45,40,45,55,45,60,50,50,40,65,55,Very High,2023
RF,43,Harold Ramirez,28,R,R,40,55,55,45,35,60,60,45,55,45,50,55,40,60,50,Very High,2023
RF,12,Hunter Renfroe,31,R,R,50,45,40,65,55,45,50,70,45,65,45,30,60,55,60,Very High,2023
RF,2,Franmil Reyes,27,R,R,45,50,40,70,55,35,50,70,50,70,40,25,30,30,35,Very High,2023
RF,44,Julio Rodriguez,22,R,R,70,65,70,65,50,45,70,65,65,65,55,40,65,70,65,Very High,2023
RF,12,Jorge Soler,31,R,R,45,40,50,65,60,40,45,65,40,65,50,45,45,55,40,Very High,2023
RF,22,Juan Soto,24,L,L,80,80,55,65,80,60,75,65,80,65,55,50,40,65,55,Very High,2023
RF,27,DJ Stewart,29,L,R,45,40,50,55,65,40,40,50,40,55,45,35,45,60,45,Very High,2023
RF,9,Seiya Suzuki,28,R,R,60,60,50,60,50,50,60,60,55,60,45,45,60,60,65,Very High,2023
RF,30,Kyle Tucker,26,L,R,60,65,70,60,50,55,60,55,70,60,50,50,55,70,60,Very High,2023
RF,26,Joey Wiemer,24,R,R,45,45,45,60,50,45,50,60,45,60,45,45,55,70,60,Very High,2023
RF,5,Mike Yastrzemski,32,L,L,60,50,65,60,55,45,45,55,55,60,55,60,40,55,65,Very High,2023
,,,,,,,,,,,,,,,,,,,,,,
