POS,#,Name,Age,B,T,OVR,STU,MOV,CON,STU vL,STU vR,VELO,STM,G/F,HLD,SctAcc,Year
SP,60,Joan Adon,23,R,R,45,50,50,45,50,55,96-98 Mph,50,NEU,55,Very High,2022
SP,45,Keegan Akin,27,L,L,45,50,45,45,50,50,92-94 Mph,60,EX FB,55,Very High,2022
SP,22,Sandy Alcantara,26,R,R,60,55,60,55,50,55,98-100 Mph,65,GB,50,Very High,2022
SP,70,Tyler Alexander,27,R,L,40,45,35,70,50,40,91-93 Mph,55,EX FB,55,Very High,2022
SP,39,Kolby Allard,24,L,L,45,50,45,55,45,50,92-94 Mph,55,FB,60,Very High,2022
SP,73,Adbert Alzolay,27,R,R,50,55,45,50,50,60,94-96 Mph,55,NEU,60,Very High,2022
SP,36,Ian Anderson,23,R,R,55,55,60,45,55,55,95-97 Mph,60,NEU,45,Very High,2022
SP,70,Tejay Antone,28,R,R,50,55,55,45,55,60,95-97 Mph,45,EX GB,45,Very High,2022
SP,51,Graham Ashcraft,24,L,R,45,50,50,45,45,50,96-98 Mph,55,EX GB,50,Very High,2022
SP,49,Michel Baez,26,R,R,45,60,55,40,60,60,96-98 Mph,35,NEU,45,Very High,2022
SP,40,Chris Bassitt,33,R,R,60,55,55,55,50,55,93-95 Mph,60,NEU,50,Very High,2022
SP,27,Trevor Bauer,31,R,R,65,65,45,50,60,65,94-96 Mph,70,EX FB,50,Very High,2022
SP,11,Shane Baz,22,R,R,65,60,55,50,60,60,97-99 Mph,60,NEU,55,Very High,2022
SP,17,Jose Berrios,27,R,R,65,55,55,60,55,55,94-96 Mph,65,NEU,50,Very High,2022
SP,57,Shane Bieber,26,R,R,75,65,45,60,65,70,93-95 Mph,65,FB,50,Very High,2022
SP,30,Ryan Borucki,28,L,L,40,50,60,45,60,45,95-97 Mph,40,GB,60,Very High,2022
SP,48,Matthew Boyd,31,L,L,55,55,45,60,60,55,92-94 Mph,65,EX FB,65,Very High,2022
SP,6,Matt Brash,23,R,R,50,55,50,45,50,60,93-95 Mph,50,NEU,45,Very High,2022
SP,34,JT Brubaker,28,R,R,45,50,45,50,50,55,93-95 Mph,55,NEU,50,Very High,2022
SP,50,Kris Bubic,24,L,L,45,50,60,45,45,50,91-93 Mph,55,GB,60,Very High,2022
SP,21,Walker Buehler,27,R,R,70,60,55,60,55,60,96-98 Mph,65,NEU,50,Very High,2022
SP,73,J.B. Bukauskas,25,R,R,35,50,50,35,50,55,95-97 Mph,40,NEU,55,Very High,2022
SP,40,Madison Bumgarner,32,R,L,45,45,45,65,45,45,91-93 Mph,75,FB,55,Very High,2022
SP,39,Corbin Burnes,27,R,R,80,70,70,55,65,70,96-98 Mph,55,GB,45,Very High,2022
SP,47,Griffin Canning,25,R,R,45,55,40,45,55,55,94-96 Mph,60,NEU,55,Very High,2022
SP,59,Carlos Carrasco,35,R,R,55,55,45,60,55,55,93-95 Mph,55,NEU,65,Very High,2022
SP,58,Luis Castillo,29,R,R,60,55,70,50,55,60,97-99 Mph,60,EX GB,50,Very High,2022
SP,84,Dylan Cease,26,R,R,65,70,55,40,65,70,97-99 Mph,50,NEU,45,Very High,2022
SP,72,Yonny Chirinos,28,R,R,55,45,50,65,45,50,93-95 Mph,55,NEU,50,Very High,2022
SP,43,Aaron Civale,26,R,R,45,45,45,60,45,45,92-94 Mph,55,NEU,50,Very High,2022
SP,52,Mike Clevinger,31,R,R,60,60,50,50,55,60,95-97 Mph,60,NEU,55,Very High,2022
SP,38,Alex Cobb,34,R,R,50,50,45,55,45,50,91-93 Mph,60,EX GB,50,Very High,2022
SP,54,Kyle Cody,27,R,R,45,50,50,45,45,55,96-98 Mph,55,NEU,40,Very High,2022
SP,45,Gerrit Cole,31,R,R,80,70,55,60,65,75,97-99 Mph,70,FB,30,Very High,2022
SP,59,Roansy Contreras,22,R,R,50,50,50,50,50,50,96-98 Mph,50,NEU,50,Very High,2022
SP,46,Patrick Corbin,32,L,L,45,50,45,50,55,50,93-95 Mph,55,NEU,75,Very High,2022
SP,65,Nestor Cortes,27,R,L,50,55,40,55,55,55,88-90 Mph,45,EX FB,60,Very High,2022
SP,45,Jharel Cotton,30,R,R,45,55,45,45,55,55,93-95 Mph,60,FB,55,Very High,2022
SP,41,Cooper Criswell,25,R,R,40,45,40,60,40,45,92-94 Mph,50,NEU,45,Very High,2022
SP,11,Yu Darvish,35,R,R,55,60,45,55,55,60,94-96 Mph,65,NEU,30,Very High,2022
SP,27,Zach Davies,29,R,R,45,45,45,55,40,45,88-90 Mph,65,FB,55,Very High,2022
SP,48,Jacob deGrom,33,L,R,80,75,65,65,70,75,99-101 Mph,70,NEU,60,Very High,2022
SP,26,Anthony DeSclafani,31,R,R,55,50,45,60,50,50,94-96 Mph,65,NEU,50,Very High,2022
SP,68,Randy Dobnak,27,R,R,35,35,60,60,35,40,92-94 Mph,55,EX GB,45,Very High,2022
SP,30,Danny Duffy,33,L,L,50,55,40,50,60,55,93-95 Mph,60,FB,60,Very High,2022
SP,38,Justin Dunn,26,R,R,40,55,40,40,50,55,94-96 Mph,45,NEU,50,Very High,2022
SP,33,Dane Dunning,27,R,R,50,50,55,50,45,50,91-93 Mph,55,EX GB,45,Very High,2022
SP,56,Zach Eflin,27,R,R,55,50,55,65,45,50,93-95 Mph,55,NEU,55,Very High,2022
SP,64,Kent Emanuel,29,L,L,40,40,40,60,50,40,92-94 Mph,45,GB,55,Very High,2022
SP,17,Nathan Eovaldi,32,R,R,60,55,45,65,55,55,97-99 Mph,65,FB,75,Very High,2022
SP,32,Erick Fedde,29,R,R,45,45,45,50,45,50,93-95 Mph,60,GB,45,Very High,2022
SP,22,Jack Flaherty,26,R,R,65,60,45,55,60,65,94-96 Mph,65,FB,50,Very High,2022
SP,77,Chris Flexen,27,R,R,50,45,45,60,40,45,93-95 Mph,60,FB,55,Very High,2022
SP,21,Kyle Freeland,28,L,L,45,45,55,50,45,40,91-93 Mph,70,GB,55,Very High,2022
SP,54,Max Fried,28,L,L,65,50,70,65,55,50,94-96 Mph,60,NEU,70,Very High,2022
SP,36,Kyle Funkhouser,28,R,R,40,50,65,40,45,55,95-97 Mph,40,GB,55,Very High,2022
SP,23,Zac Gallen,26,R,R,60,60,55,55,60,55,93-95 Mph,55,NEU,45,Very High,2022
SP,77,Luis Garcia,25,R,R,55,55,45,50,55,60,94-96 Mph,55,NEU,45,Very High,2022
SP,34,Kevin Gausman,31,L,R,65,55,50,60,55,60,95-97 Mph,65,NEU,45,Very High,2022
SP,55,Domingo Germán,29,R,R,55,60,40,55,60,60,95-97 Mph,60,NEU,55,Very High,2022
SP,44,Kyle Gibson,34,R,R,45,45,50,45,45,50,92-94 Mph,70,EX GB,55,Very High,2022
SP,36,Logan Gilbert,24,R,R,55,55,45,60,50,55,95-97 Mph,55,FB,45,Very High,2022
SP,27,Lucas Giolito,27,R,R,70,65,45,50,65,65,94-96 Mph,65,EX FB,50,Very High,2022
SP,20,Tyler Glasnow,28,L,R,75,75,45,45,70,75,97-99 Mph,50,NEU,55,Very High,2022
SP,26,Austin Gomber,28,L,L,45,50,45,50,50,50,91-93 Mph,55,NEU,50,Very High,2022
SP,26,Tony Gonsolin,27,R,R,55,55,45,50,55,55,94-96 Mph,50,FB,55,Very High,2022
SP,7,Marco Gonzales,30,L,L,45,45,45,60,45,45,88-90 Mph,65,FB,60,Very High,2022
SP,22,Jon Gray,30,R,R,50,55,50,45,50,60,95-97 Mph,65,GB,55,Very High,2022
SP,40,Josiah Gray,24,R,R,50,60,40,45,55,60,95-97 Mph,45,EX FB,50,Very High,2022
SP,54,Sonny Gray,32,R,R,60,60,60,45,55,60,93-95 Mph,70,GB,55,Very High,2022
SP,21,Hunter Greene,22,R,R,55,60,50,45,55,60,99-101 Mph,55,NEU,50,Very High,2022
SP,21,Zack Greinke,38,R,R,50,45,45,65,45,45,88-90 Mph,70,NEU,65,Very High,2022
SP,53,Vladimir Gutierrez,26,R,R,45,50,45,50,45,50,93-95 Mph,60,NEU,50,Very High,2022
SP,28,Andrew Heaney,30,L,L,55,60,40,60,60,60,91-93 Mph,65,FB,55,Very High,2022
SP,28,Kyle Hendricks,32,R,R,45,40,45,70,40,40,87-89 Mph,70,NEU,50,Very High,2022
SP,57,Elieser Hernandez,26,R,R,50,55,40,60,50,60,91-93 Mph,55,EX FB,45,Very High,2022
SP,12,Jordan Hicks,25,R,R,55,65,70,40,55,70,99-101 Mph,40,EX GB,50,Very High,2022
SP,44,Rich Hill,42,L,L,45,50,45,50,50,50,88-90 Mph,45,FB,55,Very High,2022
SP,45,Brent Honeywell Jr.,27,R,R,30,40,40,55,40,40,94-96 Mph,45,NEU,55,Very High,2022
SP,89,Tanner Houck,25,R,R,55,55,55,45,50,60,95-97 Mph,55,NEU,50,Very High,2022
SP,48,Spencer Howard,25,R,R,50,55,45,45,55,55,94-96 Mph,55,NEU,35,Very High,2022
SP,43,Dakota Hudson,27,R,R,50,45,65,50,45,50,93-95 Mph,60,EX GB,50,Very High,2022
SP,66,Daulton Jefferies,26,L,R,50,45,45,70,40,45,92-94 Mph,55,NEU,45,Very High,2022
SP,32,James Kaprielian,28,R,R,45,55,40,45,50,55,93-95 Mph,60,EX FB,50,Very High,2022
SP,56,Brad Keller,26,R,R,45,45,60,50,40,50,94-96 Mph,60,EX GB,35,Very High,2022
SP,23,Mitch Keller,25,R,R,45,50,45,45,50,55,94-96 Mph,55,NEU,50,Very High,2022
SP,29,Merrill Kelly,33,R,R,45,45,45,60,45,45,92-94 Mph,60,NEU,60,Very High,2022
SP,22,Clayton Kershaw,34,L,L,70,60,45,65,60,60,90-92 Mph,60,NEU,65,Very High,2022
SP,60,Dallas Keuchel,34,L,L,45,40,70,55,45,40,87-89 Mph,75,EX GB,60,Very High,2022
SP,16,Yusei Kikuchi,30,L,L,50,50,45,50,55,50,95-97 Mph,60,GB,65,Very High,2022
SP,45,Caleb Kilian,24,R,R,45,45,45,65,45,45,93-95 Mph,50,NEU,50,Very High,2022
SP,28,Corey Kluber,35,R,R,55,55,50,55,50,55,90-92 Mph,60,NEU,60,Very High,2022
SP,34,Michael Kopech,25,R,R,60,70,50,40,65,75,97-99 Mph,45,FB,50,Very High,2022
SP,67,Max Kranick,24,R,R,40,45,45,55,40,45,94-96 Mph,50,FB,50,Very High,2022
SP,41,Chad Kuhl,29,R,R,40,50,45,40,45,55,95-97 Mph,65,NEU,45,Very High,2022
SP,23,Peter Lambert,24,R,R,40,45,40,50,45,50,93-95 Mph,60,GB,40,Very High,2022
SP,52,Eric Lauer,26,R,L,50,55,45,50,55,55,93-95 Mph,50,NEU,55,Very High,2022
SP,48,Jorge Lopez,29,R,R,45,55,50,45,50,55,95-97 Mph,40,GB,55,Very High,2022
SP,49,Pablo Lopez,26,L,R,60,55,50,65,55,50,94-96 Mph,55,GB,55,Very High,2022
SP,25,Michael Lorenzen,30,R,R,50,50,60,45,50,50,97-99 Mph,50,GB,50,Very High,2022
SP,47,Joey Lucchesi,28,L,L,50,55,45,50,55,55,91-93 Mph,55,NEU,55,Very High,2022
SP,44,Jesus Luzardo,24,L,L,45,55,45,40,60,55,95-97 Mph,55,NEU,55,Very High,2022
SP,52,Daniel Lynch,25,L,L,45,45,50,50,50,45,94-96 Mph,60,NEU,55,Very High,2022
SP,33,Lance Lynn,34,S,R,60,55,45,50,55,55,94-96 Mph,65,NEU,50,Very High,2022
SP,18,Kenta Maeda,33,R,R,50,50,45,55,50,55,91-93 Mph,65,NEU,50,Very High,2022
SP,30,Tyler Mahle,27,R,R,60,60,55,45,60,60,94-96 Mph,65,NEU,50,Very High,2022
SP,55,Sean Manaea,30,R,L,60,55,45,65,55,50,92-94 Mph,65,NEU,60,Very High,2022
SP,25,Matt Manning,24,R,R,45,45,50,50,45,50,94-96 Mph,55,NEU,60,Very High,2022
SP,6,Alek Manoah,24,R,R,55,60,50,45,55,70,94-96 Mph,55,NEU,55,Very High,2022
SP,48,German Marquez,27,R,R,55,55,45,55,50,55,95-97 Mph,65,GB,50,Very High,2022
SP,22,Nick Martinez,31,L,R,50,45,65,50,45,45,91-93 Mph,60,NEU,55,Very High,2022
SP,46,Adrián Martínez,25,R,R,45,45,50,50,45,50,94-96 Mph,50,GB,45,Very High,2022
SP,22,Steven Matz,30,R,L,50,50,45,55,50,50,95-97 Mph,55,NEU,45,Very High,2022
SP,85,Dustin May,24,R,R,50,50,50,55,50,50,98-100 Mph,50,EX GB,55,Very High,2022
SP,18,Shane McClanahan,24,L,L,55,60,45,50,65,55,97-99 Mph,50,NEU,65,Very High,2022
SP,43,Lance McCullers Jr.,28,L,R,55,60,65,45,55,60,94-96 Mph,55,EX GB,55,Very High,2022
SP,49,Brendan McKay,26,L,L,50,55,45,50,55,55,93-95 Mph,45,NEU,65,Very High,2022
SP,24,Triston McKenzie,24,R,R,50,60,40,45,60,65,92-94 Mph,55,EX FB,50,Very High,2022
SP,47,John Means,28,L,L,50,50,45,65,50,50,93-95 Mph,55,EX FB,55,Very High,2022
SP,38,Tylor Megill,26,R,R,50,55,45,45,55,60,95-97 Mph,50,NEU,45,Very High,2022
SP,39,Miles Mikolas,33,R,R,50,45,50,70,40,45,93-95 Mph,70,GB,45,Very High,2022
SP,22,Wade Miley,35,L,L,45,40,60,50,40,40,90-92 Mph,65,EX GB,70,Very High,2022
SP,30,Alec Mills,30,R,R,40,40,45,60,40,45,89-91 Mph,55,GB,55,Very High,2022
SP,31,Mike Minor,34,R,L,45,50,40,60,50,45,91-93 Mph,55,FB,55,Very High,2022
SP,12,Casey Mize,24,R,R,55,50,50,60,50,55,94-96 Mph,60,NEU,55,Very High,2022
SP,47,Frankie Montas,29,R,R,65,55,50,55,50,60,96-98 Mph,60,NEU,55,Very High,2022
SP,47,Jordan Montgomery,29,L,L,55,55,45,60,50,55,93-95 Mph,60,NEU,60,Very High,2022
SP,50,Adrian Morejon,23,L,L,55,65,45,45,65,65,96-98 Mph,40,NEU,60,Very High,2022
SP,74,Cody Morris,25,R,R,50,55,45,45,55,55,95-97 Mph,45,FB,50,Very High,2022
SP,50,Charlie Morton,38,R,R,60,60,60,45,50,65,96-98 Mph,60,NEU,50,Very High,2022
SP,44,Joe Musgrove,29,R,R,60,60,45,60,55,60,93-95 Mph,65,NEU,50,Very High,2022
SP,74,Ljay Newsome,25,R,R,45,40,40,75,45,40,92-94 Mph,50,EX FB,60,Very High,2022
SP,27,Aaron Nola,28,R,R,65,60,50,60,60,60,93-95 Mph,65,NEU,45,Very High,2022
SP,82,Bailey Ober,26,R,R,50,50,40,65,50,50,93-95 Mph,55,EX FB,45,Very High,2022
SP,17,Jake Odorizzi,32,R,R,50,50,45,55,50,50,92-94 Mph,65,FB,60,Very High,2022
SP,17,Shohei Ohtani,27,L,R,70,65,60,45,60,65,97-99 Mph,45,NEU,50,Very High,2022
SP,36,Adam Oller,27,R,R,45,50,50,45,50,55,93-95 Mph,55,NEU,50,Very High,2022
SP,57,Luis Oviedo,22,R,R,30,50,40,30,45,50,95-97 Mph,55,NEU,50,Very High,2022
SP,59,Chris Paddack,26,R,R,55,50,40,65,55,50,94-96 Mph,60,NEU,40,Very High,2022
SP,1,Luis Patiño,22,R,R,50,55,45,45,55,55,96-98 Mph,50,EX FB,50,Very High,2022
SP,65,James Paxton,33,L,L,55,55,45,50,60,55,93-95 Mph,60,FB,60,Very High,2022
SP,24,Nate Pearson,25,R,R,50,60,45,40,60,60,98-100 Mph,50,FB,45,Very High,2022
SP,51,Freddy Peralta,25,R,R,65,75,50,45,65,80,94-96 Mph,45,EX FB,60,Very High,2022
SP,54,Martin Perez,30,L,L,45,40,55,55,40,40,94-96 Mph,65,GB,65,Very High,2022
SP,35,Michael Pineda,33,R,R,50,45,40,70,40,45,91-93 Mph,60,FB,60,Very High,2022
SP,37,Nick Pivetta,29,R,R,45,55,45,45,50,55,95-97 Mph,60,NEU,70,Very High,2022
SP,34,Zach Plesac,27,R,R,45,45,45,60,45,45,93-95 Mph,55,NEU,50,Very High,2022
SP,47,Cal Quantrill,27,L,R,50,45,45,55,45,45,95-97 Mph,55,NEU,45,Very High,2022
SP,62,Jose Quintana,33,R,L,45,50,45,45,50,50,91-93 Mph,65,NEU,60,Very High,2022
SP,57,Drew Rasmussen,26,R,R,55,60,60,45,55,65,97-99 Mph,45,GB,50,Very High,2022
SP,38,Robbie Ray,30,L,L,65,65,40,50,70,65,95-97 Mph,60,FB,60,Very High,2022
SP,43,Garrett Richards,33,R,R,40,50,45,45,50,50,94-96 Mph,45,GB,50,Very High,2022
SP,73,Chris Rodriguez,23,R,R,45,50,70,45,50,55,95-97 Mph,45,EX GB,50,Very High,2022
SP,57,Eduardo Rodriguez,28,L,L,60,55,55,55,60,55,93-95 Mph,65,NEU,55,Very High,2022
SP,16,Carlos Rodón,29,L,L,65,65,45,50,65,65,95-97 Mph,65,NEU,45,Very High,2022
SP,28,Trevor Rogers,24,L,L,65,60,55,50,65,60,95-97 Mph,50,NEU,55,Very High,2022
SP,80,Ryan Rolison,24,R,L,40,45,45,50,45,45,91-93 Mph,50,NEU,55,Very High,2022
SP,79,JoJo Romero,25,L,L,35,45,45,45,50,40,95-97 Mph,40,GB,50,Very High,2022
SP,56,Seth Romero,25,L,L,45,50,55,45,60,50,92-94 Mph,40,NEU,60,Very High,2022
SP,41,Joe Ross,28,R,R,50,50,50,55,50,55,94-96 Mph,60,NEU,55,Very High,2022
SP,41,Joe Ryan,25,R,R,55,55,45,60,55,55,94-96 Mph,50,EX FB,50,Very High,2022
SP,99,Hyun-jin Ryu,35,R,L,55,45,60,70,45,45,90-92 Mph,55,GB,60,Very High,2022
SP,41,Chris Sale,33,L,L,70,65,50,60,75,60,94-96 Mph,55,NEU,60,Very High,2022
SP,19,Anibal Sanchez,38,R,R,45,45,45,60,45,45,90-92 Mph,60,NEU,35,Very High,2022
SP,45,Sixto Sanchez,23,R,R,55,50,60,65,45,50,96-98 Mph,50,GB,50,Very High,2022
SP,43,Patrick Sandoval,25,L,L,50,60,45,45,60,60,93-95 Mph,50,GB,60,Very High,2022
SP,64,Tony Santillan,24,R,R,45,60,45,40,55,65,95-97 Mph,40,NEU,45,Very High,2022
SP,31,Max Scherzer,37,R,R,80,70,45,70,70,75,94-96 Mph,60,FB,60,Very High,2022
SP,49,Antonio Senzatela,27,R,R,50,40,65,60,40,40,95-97 Mph,60,EX GB,50,Very High,2022
SP,40,Luis Severino,28,R,R,65,55,50,60,55,60,96-98 Mph,60,NEU,55,Very High,2022
SP,51,Brady Singer,25,R,R,45,50,45,45,45,55,94-96 Mph,55,NEU,45,Very High,2022
SP,29,Tarik Skubal,25,L,L,50,55,40,50,55,55,95-97 Mph,55,FB,55,Very High,2022
SP,74,Ethan Small,25,L,L,50,55,50,45,50,55,92-94 Mph,55,NEU,60,Very High,2022
SP,18,Drew Smyly,32,L,L,45,50,35,55,50,50,92-94 Mph,55,FB,50,Very High,2022
SP,4,Blake Snell,29,L,L,60,65,45,40,70,65,95-97 Mph,60,NEU,55,Very High,2022
SP,40,Mike Soroka,24,R,R,60,45,60,65,45,50,92-94 Mph,65,GB,45,Very High,2022
SP,35,Justin Steele,26,L,L,45,55,55,45,55,50,93-95 Mph,55,NEU,60,Very High,2022
SP,53,Jonathan Stiever,24,R,R,40,45,35,60,45,50,93-95 Mph,55,FB,55,Very High,2022
SP,37,Stephen Strasburg,33,R,R,65,60,55,55,60,60,92-94 Mph,60,GB,50,Very High,2022
SP,0,Marcus Stroman,30,R,R,55,45,60,60,45,50,94-96 Mph,60,EX GB,50,Very High,2022
SP,54,Jose Suarez,24,L,L,50,50,55,50,55,50,92-94 Mph,55,GB,55,Very High,2022
SP,55,Ranger Suarez,26,L,L,55,50,60,55,55,50,93-95 Mph,45,GB,50,Very High,2022
SP,65,Trey Supak,25,R,R,40,40,40,60,40,45,90-92 Mph,45,FB,45,Very High,2022
SP,34,Noah Syndergaard,29,L,R,60,50,55,60,50,55,92-94 Mph,60,GB,25,Very High,2022
SP,50,Jameson Taillon,30,R,R,55,50,45,60,50,55,94-96 Mph,70,NEU,45,Very High,2022
SP,39,Zach Thompson,28,R,R,45,50,45,50,50,50,92-94 Mph,60,NEU,40,Very High,2022
SP,56,Spencer Turnbull,29,R,R,50,50,60,45,50,55,94-96 Mph,55,GB,55,Very High,2022
SP,7,Julio Urias,25,L,L,70,60,55,70,60,55,94-96 Mph,50,FB,65,Very High,2022
SP,65,Jose Urquidy,26,R,R,55,50,45,65,45,50,93-95 Mph,55,FB,45,Very High,2022
SP,59,Framber Valdez,28,L,L,55,55,75,45,55,55,92-94 Mph,60,EX GB,65,Very High,2022
SP,70,Carlos Vargas,22,R,R,35,50,45,35,50,50,98-100 Mph,50,NEU,55,Very High,2022
SP,21,Vince Velasquez,29,R,R,45,60,40,45,55,60,93-95 Mph,45,FB,55,Very High,2022
SP,35,Justin Verlander,39,R,R,75,65,40,65,65,65,95-97 Mph,75,EX FB,55,Very High,2022
SP,50,Adam Wainwright,40,R,R,55,45,60,60,45,45,89-91 Mph,70,GB,70,Very High,2022
SP,99,Taijuan Walker,29,R,R,45,50,45,50,50,50,95-97 Mph,65,NEU,55,Very High,2022
SP,7,Luke Weaver,28,R,R,45,50,40,55,50,50,94-96 Mph,55,FB,65,Very High,2022
SP,62,Logan Webb,25,R,R,65,55,70,60,55,55,93-95 Mph,55,EX GB,45,Very High,2022
SP,68,Tyler Wells,27,R,R,50,50,45,60,50,55,95-97 Mph,45,EX FB,50,Very High,2022
SP,45,Zack Wheeler,31,L,R,75,55,75,65,55,60,97-99 Mph,60,GB,55,Very High,2022
SP,72,Garrett Whitlock,25,R,R,60,60,60,55,55,65,96-98 Mph,40,NEU,45,Very High,2022
SP,46,Bryse Wilson,24,R,R,45,45,45,60,45,45,93-95 Mph,55,NEU,50,Very High,2022
SP,57,Alex Wood,31,R,L,55,55,45,60,60,55,92-94 Mph,60,EX GB,65,Very High,2022
SP,53,Brandon Woodruff,29,L,R,75,65,50,60,65,65,96-98 Mph,65,FB,50,Very High,2022
SP,30,Kyle Wright,26,R,R,65,60,70,55,55,60,95-97 Mph,60,GB,55,Very High,2022
SP,48,Ryan Yarbrough,30,R,L,50,45,55,70,45,40,86-88 Mph,60,NEU,60,Very High,2022
SP,19,Huascar Ynoa,23,R,R,50,55,40,45,50,60,97-99 Mph,55,NEU,50,Very High,2022
SP,50,Bruce Zimmermann,27,L,L,45,45,50,50,45,45,92-94 Mph,55,NEU,50,Very High,2022
RP,69,Albert Abreu,26,R,R,40,60,50,40,55,65,97-99 Mph,35,NEU,55,Very High,2022
RP,52,Bryan Abreu,24,R,R,45,70,60,30,65,75,97-99 Mph,40,NEU,55,Very High,2022
RP,68,Domingo Acevedo,28,R,R,45,55,45,50,50,60,95-97 Mph,35,FB,50,Very High,2022
RP,47,Jason Adam,30,R,R,40,65,45,40,60,65,94-96 Mph,30,EX FB,50,Very High,2022
RP,54,Austin Adams,30,R,R,45,70,55,35,65,75,94-96 Mph,30,GB,60,Very High,2022
RP,54,Logan Allen,24,R,L,35,45,45,45,50,45,93-95 Mph,55,NEU,60,Very High,2022
RP,70,Nick Anderson,31,R,R,65,60,45,60,55,65,94-96 Mph,30,EX FB,50,Very High,2022
RP,31,Tyler Anderson,32,L,L,50,50,40,60,50,50,90-92 Mph,65,FB,60,Very High,2022
RP,72,Victor Arano,27,R,R,45,60,50,45,55,60,95-97 Mph,30,FB,50,Very High,2022
RP,17,Chris Archer,33,R,R,45,60,40,45,55,60,93-95 Mph,60,EX FB,45,Very High,2022
RP,38,Kohei Arihara,29,R,R,35,40,40,55,45,40,92-94 Mph,65,NEU,55,Very High,2022
RP,64,Shawn Armstrong,31,R,R,45,60,45,45,55,60,94-96 Mph,30,FB,60,Very High,2022
RP,26,Aaron Ashby,23,R,L,55,70,55,40,70,70,92-94 Mph,45,EX GB,50,Very High,2022
RP,43,Bryan Baker,27,R,R,40,60,50,40,60,65,93-95 Mph,30,FB,45,Very High,2022
RP,52,Anthony Banda,28,L,L,40,50,50,45,50,50,94-96 Mph,35,NEU,60,Very High,2022
RP,52,Daniel Bard,36,R,R,40,60,60,40,60,60,97-99 Mph,30,NEU,55,Very High,2022
RP,20,Luke Barker,30,R,R,45,55,40,60,50,60,91-93 Mph,30,FB,50,Very High,2022
RP,40,Jacob Barnes,31,R,R,45,55,50,50,50,60,95-97 Mph,30,GB,55,Very High,2022
RP,51,Jaime Barria,25,R,R,45,45,45,60,40,45,93-95 Mph,60,FB,65,Very High,2022
RP,52,Anthony Bass,34,R,R,45,55,45,50,50,55,95-97 Mph,30,GB,40,Very High,2022
RP,55,Peyton Battenfield,24,R,R,45,55,45,55,55,50,93-95 Mph,45,NEU,50,Very High,2022
RP,74,Felix Bautista,26,R,R,40,65,55,30,65,65,97-99 Mph,35,FB,60,Very High,2022
RP,59,Jeremy Beasley,26,R,R,35,55,45,40,50,55,93-95 Mph,50,NEU,45,Very High,2022
RP,16,Tyler Beck,26,R,R,45,55,50,50,50,55,90-92 Mph,45,NEU,45,Very High,2022
RP,68,Jalen Beeks,28,L,L,50,55,55,50,55,55,93-95 Mph,35,NEU,60,Very High,2022
RP,30,Andrew Bellatti,30,R,R,40,50,45,45,50,55,92-94 Mph,30,EX FB,50,Very High,2022
RP,12,Bear Bellomy,25,R,R,25,45,35,55,50,45,91-93 Mph,35,FB,45,Very High,2022
RP,41,Jonathan Bermudez,26,L,L,40,60,40,45,60,55,91-93 Mph,50,NEU,55,Very High,2022
RP,64,Brandon Bielak,26,L,R,40,50,45,45,50,50,94-96 Mph,55,NEU,50,Very High,2022
RP,59,Jake Bird,26,R,R,40,50,80,45,50,50,93-95 Mph,35,EX GB,45,Very High,2022
RP,50,Ray Black,31,R,R,45,70,45,35,65,70,100+ Mph,30,EX FB,50,Very High,2022
RP,58,Paul Blackburn,28,R,R,40,45,45,60,40,45,91-93 Mph,55,EX GB,55,Very High,2022
RP,35,Richard Bleier,34,L,L,45,40,70,80,45,40,88-90 Mph,30,EX GB,70,Very High,2022
RP,78,Cody Bolton,23,R,R,30,50,40,45,45,55,93-95 Mph,45,NEU,40,Very High,2022
RP,51,Ben Bowden,27,L,L,40,60,45,40,65,60,93-95 Mph,30,EX FB,60,Very High,2022
RP,45,Brad Boxberger,33,R,R,50,65,45,45,65,70,93-95 Mph,30,NEU,45,Very High,2022
RP,18,Cody Bradford,24,L,L,35,45,40,50,45,45,90-92 Mph,50,FB,60,Very High,2022
RP,39,Kyle Bradish,25,R,R,45,60,45,40,60,60,94-96 Mph,55,NEU,50,Very High,2022
RP,23,Archie Bradley,29,R,R,40,50,55,45,50,55,94-96 Mph,30,GB,55,Very High,2022
RP,70,Ryan Brasier,34,R,R,45,50,50,55,50,55,96-98 Mph,30,NEU,50,Very High,2022
RP,59,John Brebbia,31,L,R,50,65,45,55,55,70,92-94 Mph,30,EX FB,55,Very High,2022
RP,59,Jake Brentz,27,L,L,45,65,60,35,70,60,97-99 Mph,30,GB,50,Very High,2022
RP,43,Jeff Brigham,30,R,R,45,55,55,45,50,55,95-97 Mph,30,EX FB,55,Very High,2022
RP,53,Zack Britton,34,L,L,40,45,80,40,50,45,92-94 Mph,30,EX GB,45,Very High,2022
RP,15,Kyle Brnovich,24,L,R,35,55,35,55,50,55,91-93 Mph,50,NEU,35,Very High,2022
RP,75,Connor Brogdon,27,R,R,45,55,45,50,55,55,96-98 Mph,35,FB,45,Very High,2022
RP,36,Aaron Brooks,31,R,R,45,40,65,60,40,40,92-94 Mph,60,EX GB,50,Very High,2022
RP,72,Craig Brooks,29,R,R,40,60,60,35,60,60,94-96 Mph,30,EX FB,45,Very High,2022
RP,63,Justin Bruihl,24,L,L,50,50,60,60,60,50,89-91 Mph,30,NEU,60,Very High,2022
RP,39,Aaron Bummer,28,L,L,55,65,80,45,75,60,95-97 Mph,30,EX GB,55,Very High,2022
RP,37,Dylan Bundy,29,S,R,45,50,40,50,50,50,90-92 Mph,55,NEU,65,Very High,2022
RP,57,Nick Burdi,29,R,R,45,70,50,35,65,75,98-100 Mph,30,FB,50,Very High,2022
RP,61,Ryan Burr,27,R,R,35,50,65,40,50,50,95-97 Mph,30,EX GB,45,Very High,2022
RP,37,Beau Burrows,25,R,R,30,50,40,45,45,50,94-96 Mph,45,FB,50,Very High,2022
RP,51,Matt Bush,36,R,R,45,55,50,45,50,60,96-98 Mph,30,NEU,55,Very High,2022
RP,20,Nick Bush,25,L,L,40,45,50,50,45,45,90-92 Mph,55,NEU,60,Very High,2022
RP,92,Genesis Cabrera,25,L,L,50,65,65,40,65,65,98-100 Mph,35,FB,55,Very High,2022
RP,54,Humberto Castellanos,24,R,R,35,45,45,60,45,45,90-92 Mph,50,NEU,50,Very High,2022
RP,63,Diego Castillo,28,R,R,55,60,45,55,55,70,96-98 Mph,30,GB,55,Very High,2022
RP,65,Jose Castillo,26,L,L,45,65,45,40,70,60,94-96 Mph,30,EX FB,55,Very High,2022
RP,14,Luis Castillo,27,R,R,40,55,55,40,45,60,94-96 Mph,35,GB,40,Very High,2022
RP,58,Anthony Castro,26,R,R,45,55,45,50,55,55,95-97 Mph,35,GB,40,Very High,2022
RP,30,Miguel Castro,27,R,R,45,65,65,35,55,70,97-99 Mph,30,GB,55,Very High,2022
RP,49,Blake Cederlind,26,R,R,35,50,60,40,45,50,98-100 Mph,30,GB,55,Very High,2022
RP,85,Luis Cessa,29,R,R,45,50,55,50,45,50,94-96 Mph,35,GB,55,Very High,2022
RP,43,Jhoulys Chacin,34,R,R,25,45,45,45,40,45,93-95 Mph,40,NEU,55,Very High,2022
RP,37,Andrew Chafin,31,R,L,50,55,60,55,65,50,92-94 Mph,30,NEU,50,Very High,2022
RP,60,Jesse Chavez,38,R,R,40,50,45,55,45,50,91-93 Mph,35,NEU,55,Very High,2022
RP,90,Adam Cimber,31,R,R,50,45,75,70,30,55,86-88 Mph,30,EX GB,50,Very High,2022
RP,33,Steve Cishek,35,R,R,35,50,65,45,40,55,90-92 Mph,30,NEU,50,Very High,2022
RP,67,Jose Cisnero,32,R,R,40,55,60,40,50,55,97-99 Mph,30,NEU,40,Very High,2022
RP,45,Taylor Clarke,28,R,R,45,50,45,50,50,55,95-97 Mph,45,NEU,45,Very High,2022
RP,65,Dylan Coleman,25,R,R,45,60,55,40,55,65,96-98 Mph,30,NEU,45,Very High,2022
RP,54,Sam Coonrod,29,R,R,45,55,70,45,50,60,98-100 Mph,30,GB,45,Very High,2022
RP,53,Danny Coulombe,32,L,L,50,50,45,65,55,50,90-92 Mph,30,NEU,60,Very High,2022
RP,30,Jake Cousins,27,R,R,65,70,60,45,65,75,96-98 Mph,30,GB,55,Very High,2022
RP,30,Kyle Crick,29,L,R,40,65,65,35,55,70,93-95 Mph,30,NEU,60,Very High,2022
RP,45,Garrett Crochet,22,L,L,50,65,60,40,70,65,97-99 Mph,35,FB,50,Very High,2022
RP,29,Wil Crowe,27,R,R,45,55,50,45,55,55,93-95 Mph,60,NEU,45,Very High,2022
RP,39,John Curtiss,28,R,R,40,55,40,45,50,60,95-97 Mph,30,NEU,50,Very High,2022
RP,64,Tucker Davidson,26,L,L,40,55,55,40,60,55,93-95 Mph,45,GB,55,Very High,2022
RP,56,Austin Davis,29,L,L,45,55,55,45,65,55,93-95 Mph,30,NEU,55,Very High,2022
RP,87,Jose De Leon,29,R,R,45,70,45,35,65,70,94-96 Mph,40,FB,55,Very High,2022
RP,48,Reid Detmers,22,L,L,50,55,45,50,55,55,93-95 Mph,55,EX FB,80,Very High,2022
RP,43,Alexis Diaz,25,R,R,50,65,60,40,55,70,96-98 Mph,30,NEU,50,Very High,2022
RP,35,Jhonathan Diaz,25,L,L,35,50,50,40,50,50,89-91 Mph,45,GB,55,Very High,2022
RP,31,Jake Diekman,35,L,L,50,70,65,35,80,65,96-98 Mph,30,NEU,60,Very High,2022
RP,58,Seranthony Dominguez,27,R,R,50,55,75,45,50,60,97-99 Mph,30,EX GB,55,Very High,2022
RP,63,Sean Doolittle,35,L,L,45,55,45,50,60,55,93-95 Mph,30,EX FB,50,Very High,2022
RP,75,Camilo Doval,24,R,R,55,70,70,40,60,75,98-100 Mph,35,GB,55,Very High,2022
RP,75,Shawn Dubin,26,R,R,45,65,45,40,60,65,96-98 Mph,50,NEU,45,Very High,2022
RP,21,Tyler Duffey,31,R,R,55,60,55,55,60,60,93-95 Mph,30,NEU,55,Very High,2022
RP,59,Jhoan Duran,24,R,R,45,60,45,40,55,60,98-100 Mph,55,EX GB,50,Very High,2022
RP,57,Roenis Elias,33,L,L,35,45,45,55,45,45,94-96 Mph,35,FB,50,Very High,2022
RP,54,Carlos Estevez,29,R,R,40,50,45,50,50,55,97-99 Mph,30,NEU,50,Very High,2022
RP,38,Alex Faedo,26,R,R,40,50,35,60,50,55,92-94 Mph,55,EX FB,55,Very High,2022
RP,29,Pete Fairbanks,28,R,R,60,70,55,45,65,75,97-99 Mph,30,NEU,45,Very High,2022
RP,70,Bailey Falter,24,R,L,40,50,40,60,50,50,92-94 Mph,40,NEU,55,Very High,2022
RP,31,Jeurys Familia,32,R,R,45,60,65,40,55,65,97-99 Mph,30,GB,40,Very High,2022
RP,39,Brady Feigl,26,R,R,40,45,45,50,40,50,90-92 Mph,50,GB,55,Very High,2022
RP,64,Caleb Ferguson,25,R,L,50,70,45,45,70,70,93-95 Mph,35,NEU,40,Very High,2022
RP,85,Julian Fernandez,26,R,R,45,60,45,45,60,60,99-101 Mph,30,FB,50,Very High,2022
RP,44,Junior Fernandez,25,R,R,40,50,65,40,50,50,98-100 Mph,30,GB,50,Very High,2022
RP,19,Josh Fleming,25,R,L,45,45,45,65,45,45,92-94 Mph,60,EX GB,60,Very High,2022
RP,41,Aaron Fletcher,26,L,L,40,45,50,55,50,40,93-95 Mph,30,EX GB,60,Very High,2022
RP,36,Dylan Floro,31,L,R,50,50,75,60,40,55,94-96 Mph,30,EX GB,50,Very High,2022
RP,68,Jason Foley,26,R,R,45,60,65,45,55,65,97-99 Mph,30,EX GB,55,Very High,2022
RP,63,Matt Foster,27,R,R,45,55,45,45,55,55,94-96 Mph,30,EX FB,40,Very High,2022
RP,28,Bowden Francis,25,R,R,40,50,45,45,45,50,92-94 Mph,55,FB,50,Very High,2022
RP,51,Paul Fry,29,L,L,40,60,75,35,75,55,93-95 Mph,30,EX GB,55,Very High,2022
RP,32,Michael Fulmer,29,R,R,45,50,50,55,50,55,95-97 Mph,35,NEU,55,Very High,2022
RP,54,Kevin Gadea,27,R,R,30,55,45,35,55,55,92-94 Mph,30,FB,60,Very High,2022
RP,33,Bryan Garcia,26,R,R,30,45,60,35,45,50,94-96 Mph,30,EX FB,55,Very High,2022
RP,66,Luis Garcia,35,R,R,35,55,45,45,55,55,97-99 Mph,30,EX GB,45,Very High,2022
RP,51,Rony Garcia,24,R,R,30,50,40,45,45,50,92-94 Mph,55,FB,50,Very High,2022
RP,93,Yimi Garcia,31,R,R,55,60,45,60,55,60,96-98 Mph,30,FB,60,Very High,2022
RP,66,Jarlín García,29,L,L,45,50,50,60,55,50,93-95 Mph,30,NEU,55,Very High,2022
RP,24,Amir Garrett,29,R,L,50,70,55,40,80,65,95-97 Mph,25,GB,55,Very High,2022
RP,15,Justin Garza,28,R,R,35,50,50,45,45,50,95-97 Mph,35,NEU,40,Very High,2022
RP,88,Tyler Gilbert,28,L,L,40,45,45,55,50,45,90-92 Mph,50,NEU,55,Very High,2022
RP,58,Lucas Gilbreath,26,L,L,35,55,55,40,55,50,94-96 Mph,35,NEU,55,Very High,2022
RP,58,Ken Giles,31,R,R,60,70,45,50,65,70,96-98 Mph,30,NEU,45,Very High,2022
RP,3,J.T. Ginn,22,R,R,50,55,60,50,50,55,95-97 Mph,45,EX GB,45,Very High,2022
RP,60,Mychal Givens,31,R,R,45,70,45,40,65,70,95-97 Mph,30,EX FB,55,Very High,2022
RP,7,Kyle Glogoski,23,R,R,30,50,65,35,50,50,92-94 Mph,50,EX FB,45,Very High,2022
RP,32,Brandon Gold,27,R,R,40,40,45,65,40,45,88-90 Mph,55,NEU,45,Very High,2022
RP,81,Victor Gonzalez,26,L,L,50,50,70,50,65,50,94-96 Mph,45,GB,60,Very High,2022
RP,26,Anthony Gose,31,L,L,40,70,60,30,70,70,98-100 Mph,30,FB,50,Very High,2022
RP,58,Trevor Gott,29,R,R,45,55,45,45,55,55,94-96 Mph,30,NEU,55,Very High,2022
RP,53,Ashton Goudeau,29,R,R,40,45,50,55,40,45,93-95 Mph,45,NEU,55,Very High,2022
RP,48,Brusdar Graterol,23,R,R,60,60,60,60,55,65,99-101 Mph,35,EX GB,55,Very High,2022
RP,49,Kendall Graveman,31,R,R,50,55,70,55,55,60,96-98 Mph,30,EX GB,60,Very High,2022
RP,57,Chad Green,30,L,R,65,65,45,60,65,65,96-98 Mph,35,EX FB,40,Very High,2022
RP,52,Justin Grimm,33,R,R,45,60,45,45,60,60,95-97 Mph,30,FB,40,Very High,2022
RP,19,Ben Gross,25,R,R,35,45,45,50,45,45,92-94 Mph,50,FB,40,Very High,2022
RP,19,Norwith Gudino,26,R,R,50,60,45,45,65,60,92-94 Mph,45,EX FB,50,Very High,2022
RP,50,Sean Guenther,26,L,L,40,45,50,55,50,40,93-95 Mph,35,NEU,60,Very High,2022
RP,35,Deolis Guerra,32,R,R,45,55,45,50,55,55,91-93 Mph,30,FB,55,Very High,2022
RP,44,Ian Hamilton,26,R,R,40,60,50,40,55,65,95-97 Mph,30,GB,55,Very High,2022
RP,52,Brad Hand,32,L,L,50,60,50,50,70,55,93-95 Mph,30,FB,55,Very High,2022
RP,36,Will Harris,37,R,R,50,55,60,50,60,55,90-92 Mph,30,EX GB,40,Very High,2022
RP,31,Thomas Hatch,27,R,R,45,50,45,45,50,55,94-96 Mph,55,NEU,50,Very High,2022
RP,38,Louis Head,31,R,R,45,55,50,50,50,60,94-96 Mph,30,NEU,45,Very High,2022
RP,52,Taylor Hearn,27,L,L,45,60,45,45,60,55,96-98 Mph,45,FB,50,Very High,2022
RP,56,Ryan Helsley,27,R,R,50,60,50,45,55,60,98-100 Mph,30,FB,70,Very High,2022
RP,53,Heath Hembree,33,R,R,45,70,40,45,60,75,96-98 Mph,30,EX FB,40,Very High,2022
RP,31,Sam Hentges,25,L,L,40,50,50,40,50,50,94-96 Mph,55,NEU,45,Very High,2022
RP,43,Carlos Hernandez,25,R,R,40,55,45,45,50,55,95-97 Mph,55,NEU,45,Very High,2022
RP,63,Darwinzon Hernandez,25,L,L,45,75,55,35,80,75,95-97 Mph,30,NEU,50,Very High,2022
RP,72,Jonathan Hernandez,25,R,R,25,45,45,40,45,50,97-99 Mph,35,GB,50,Very High,2022
RP,65,Codi Heuer,25,R,R,55,55,65,55,55,60,96-98 Mph,30,GB,40,Very High,2022
RP,39,Garrett Hill,26,R,R,45,50,45,50,45,50,91-93 Mph,50,FB,40,Very High,2022
RP,25,Tim Hill,32,R,L,50,55,70,55,75,50,92-94 Mph,25,EX GB,70,Very High,2022
RP,23,Jeff Hoffman,29,R,R,45,65,45,40,60,65,94-96 Mph,40,EX FB,50,Very High,2022
RP,52,Jonathan Holder,28,R,R,40,50,45,50,50,50,92-94 Mph,30,FB,50,Very High,2022
RP,35,Greg Holland,36,R,R,50,55,55,45,55,60,93-95 Mph,30,NEU,50,Very High,2022
RP,35,Clay Holmes,29,R,R,40,60,70,40,55,65,96-98 Mph,35,EX GB,55,Very High,2022
RP,21,Tyler Holton,25,L,L,45,45,45,55,45,50,91-93 Mph,50,NEU,55,Very High,2022
RP,37,Adrian Houser,29,R,R,45,50,60,45,45,50,94-96 Mph,60,EX GB,60,Very High,2022
RP,54,Sam Howard,29,R,L,45,65,50,40,75,65,94-96 Mph,35,NEU,60,Very High,2022
RP,41,Daniel Hudson,35,R,R,55,65,45,45,55,70,97-99 Mph,30,EX FB,45,Very High,2022
RP,19,Cole Irvin,28,L,L,45,45,45,65,45,45,91-93 Mph,65,FB,60,Very High,2022
RP,94,Andre Jackson,25,R,R,40,50,45,40,50,55,92-94 Mph,50,NEU,45,Very High,2022
RP,65,Jay Jackson,34,R,R,50,65,45,45,60,75,92-94 Mph,30,NEU,55,Very High,2022
RP,77,Luke Jackson,30,R,R,45,60,50,45,55,65,96-98 Mph,30,EX GB,55,Very High,2022
RP,39,Josh James,29,R,R,40,70,45,35,65,70,97-99 Mph,35,NEU,50,Very High,2022
RP,53,Cristian Javier,25,R,R,50,70,45,40,65,70,94-96 Mph,40,EX FB,45,Very High,2022
RP,56,Dany Jimenez,28,R,R,50,65,50,40,55,75,94-96 Mph,30,NEU,55,Very High,2022
RP,77,Joe Jimenez,27,R,R,45,65,45,40,60,65,95-97 Mph,30,EX FB,50,Very High,2022
RP,36,Pierce Johnson,30,R,R,50,65,45,40,65,65,95-97 Mph,30,FB,50,Very High,2022
RP,18,Jakob Junis,29,R,R,35,50,40,55,50,55,91-93 Mph,45,NEU,55,Very High,2022
RP,44,Tommy Kahnle,32,R,R,65,75,45,50,75,75,97-99 Mph,30,GB,40,Very High,2022
RP,99,James Karinchak,26,R,R,70,80,55,40,80,80,96-98 Mph,30,FB,50,Very High,2022
RP,17,Joe Kelly,33,R,R,55,60,80,45,55,65,98-100 Mph,30,EX GB,45,Very High,2022
RP,31,Ian Kennedy,37,R,R,50,60,45,55,55,60,94-96 Mph,30,EX FB,60,Very High,2022
RP,37,Zak Kent,24,R,R,35,50,40,50,45,50,93-95 Mph,55,NEU,40,Very High,2022
RP,34,Michael King,26,R,R,55,65,45,60,60,70,95-97 Mph,40,NEU,50,Very High,2022
RP,40,Tyler Kinley,31,R,R,40,55,45,45,50,60,96-98 Mph,30,NEU,40,Very High,2022
RP,13,Adam Kolarek,33,L,L,40,35,75,55,45,35,88-90 Mph,30,EX GB,60,Very High,2022
RP,37,Jackson Kowar,25,R,R,45,60,45,40,60,60,96-98 Mph,55,NEU,65,Very High,2022
RP,64,Dean Kremer,26,R,R,45,55,45,45,50,55,93-95 Mph,50,FB,55,Very High,2022
RP,66,Joel Kuhnel,27,R,R,45,45,50,60,45,45,97-99 Mph,30,NEU,50,Very High,2022
RP,29,Dinelson Lamet,29,R,R,60,75,50,45,70,80,95-97 Mph,35,NEU,55,Very High,2022
RP,55,Alex Lange,26,R,R,45,55,55,45,55,55,97-99 Mph,35,NEU,55,Very High,2022
RP,25,Jose Leclerc,28,R,R,45,70,45,40,70,70,96-98 Mph,30,EX FB,55,Very High,2022
RP,52,Dominic Leone,30,R,R,45,60,50,45,55,60,95-97 Mph,30,NEU,50,Very High,2022
RP,52,Matthew Liberatore,22,L,L,45,50,45,60,50,50,92-94 Mph,60,FB,55,Very High,2022
RP,29,Josh Lindblom,34,R,R,40,45,45,50,45,50,90-92 Mph,50,EX FB,60,Very High,2022
RP,16,Jesus Liranzo,27,R,R,45,60,35,50,55,65,96-98 Mph,30,EX FB,60,Very High,2022
RP,73,Sammy Long,26,L,L,45,55,45,50,55,55,93-95 Mph,55,NEU,60,Very High,2022
RP,40,Reynaldo Lopez,28,R,R,50,55,45,45,55,60,96-98 Mph,55,FB,55,Very High,2022
RP,50,Yoan Lopez,29,R,R,40,50,50,45,45,55,96-98 Mph,30,NEU,55,Very High,2022
RP,28,Aaron Loup,34,L,L,55,55,70,60,60,50,93-95 Mph,25,EX GB,55,Very High,2022
RP,55,Richard Lovelady,26,L,L,45,50,50,60,60,45,93-95 Mph,30,GB,60,Very High,2022
RP,59,Zac Lowther,25,L,L,35,50,45,40,55,50,91-93 Mph,55,NEU,55,Very High,2022
RP,43,Jonathan Loáisiga,27,R,R,60,60,70,60,55,60,98-100 Mph,35,EX GB,50,Very High,2022
RP,63,Lucas Luetge,35,L,L,45,55,45,60,60,50,89-91 Mph,30,EX GB,65,Very High,2022
RP,67,Seth Lugo,32,R,R,60,65,45,65,60,65,94-96 Mph,35,NEU,55,Very High,2022
RP,28,Jordan Lyles,31,R,R,40,50,40,60,45,50,93-95 Mph,60,EX FB,50,Very High,2022
RP,57,Andres Machado,28,R,R,40,45,45,55,45,50,95-97 Mph,30,NEU,45,Very High,2022
RP,35,Joe Mantiply,31,R,L,50,55,55,55,65,50,91-93 Mph,30,GB,60,Very High,2022
RP,52,Nick Margevicius,25,L,L,30,45,40,50,50,45,89-91 Mph,50,FB,55,Very High,2022
RP,97,Ron Marinaccio,26,R,R,50,65,55,45,60,65,95-97 Mph,35,EX FB,55,Very High,2022
RP,61,Brailyn Marquez,23,L,L,40,65,60,30,60,65,97-99 Mph,45,NEU,45,Very High,2022
RP,59,Brett Martin,26,L,L,45,45,60,65,45,45,94-96 Mph,30,EX GB,60,Very High,2022
RP,58,Chris Martin,35,R,R,45,45,45,75,40,45,94-96 Mph,30,GB,55,Very High,2022
RP,61,Seth Martinez,27,R,R,45,55,45,50,55,60,91-93 Mph,35,NEU,50,Very High,2022
RP,88,Phil Maton,29,R,R,50,60,55,45,60,60,91-93 Mph,30,NEU,55,Very High,2022
RP,68,Tyler Matzek,31,L,L,60,70,80,40,75,70,96-98 Mph,30,NEU,50,Very High,2022
RP,65,Trevor May,32,R,R,60,65,45,45,65,70,96-98 Mph,30,EX FB,50,Very High,2022
RP,21,Mike Mayers,30,R,R,55,60,50,50,60,65,95-97 Mph,30,FB,60,Very High,2022
RP,58,Tim Mayza,30,L,L,55,55,65,55,70,55,94-96 Mph,30,EX GB,55,Very High,2022
RP,22,Chris Mazza,32,R,R,45,50,50,50,45,55,90-92 Mph,45,GB,60,Very High,2022
RP,62,T.J. McFarland,32,L,L,40,35,70,65,40,35,89-91 Mph,30,EX GB,50,Very High,2022
RP,26,Trey McGough,24,L,L,35,40,45,55,45,40,90-92 Mph,50,NEU,55,Very High,2022
RP,31,Collin McHugh,34,R,R,60,60,50,60,60,65,90-92 Mph,35,NEU,55,Very High,2022
RP,36,Nick Mears,25,R,R,35,55,45,40,55,55,96-98 Mph,30,NEU,45,Very High,2022
RP,17,Humberto Mejia,25,R,R,40,45,45,50,45,50,92-94 Mph,55,FB,55,Very High,2022
RP,67,Julian Merryweather,30,R,R,50,55,55,55,55,55,96-98 Mph,35,NEU,45,Very High,2022
RP,74,Tyson Miller,26,R,R,35,50,40,45,45,50,94-96 Mph,50,FB,55,Very High,2022
RP,40,Wyatt Mills,27,R,R,45,60,50,50,45,70,93-95 Mph,30,EX GB,55,Very High,2022
RP,69,Tommy Milone,35,L,L,40,50,35,65,45,50,85-87 Mph,50,FB,65,Very High,2022
RP,33,A.J. Minter,28,L,L,60,65,65,50,65,65,96-98 Mph,30,NEU,60,Very High,2022
RP,41,Anthony Misiewicz,27,R,L,45,50,50,60,50,50,95-97 Mph,35,NEU,45,Very High,2022
RP,60,Sam Moll,30,L,L,40,60,55,40,70,55,93-95 Mph,30,GB,60,Very High,2022
RP,47,Rafael Montero,31,R,R,45,50,60,55,45,55,95-97 Mph,30,GB,60,Very High,2022
RP,55,Dauri Moreta,25,R,R,45,50,45,55,50,55,93-95 Mph,30,EX FB,50,Very High,2022
RP,49,Eli Morgan,25,R,R,40,50,40,60,50,50,91-93 Mph,55,EX FB,45,Very High,2022
RP,87,Penn Murfee,27,R,R,40,50,45,45,40,55,89-91 Mph,45,NEU,45,Very High,2022
RP,23,Tobias Myers,23,R,R,35,55,35,50,55,50,92-94 Mph,45,FB,55,Very High,2022
RP,40,Jimmy Nelson,32,R,R,45,65,60,35,65,70,94-96 Mph,35,EX GB,30,Very High,2022
RP,63,Kyle Nelson,25,L,L,30,55,45,40,60,55,93-95 Mph,30,FB,60,Very High,2022
RP,57,Nick Nelson,26,R,R,45,60,60,35,65,60,96-98 Mph,45,NEU,50,Very High,2022
RP,50,Hector Neris,32,R,R,55,70,45,45,65,75,94-96 Mph,30,NEU,50,Very High,2022
RP,15,Sean Newcomb,28,L,L,50,60,60,40,65,60,96-98 Mph,35,FB,55,Very High,2022
RP,49,Daniel Norris,28,L,L,45,55,50,45,60,55,93-95 Mph,30,NEU,55,Very High,2022
RP,57,James Norwood,28,R,R,45,65,45,35,60,70,97-99 Mph,30,NEU,40,Very High,2022
RP,56,Darren O'Day,39,R,R,60,60,70,60,45,70,85-87 Mph,30,EX FB,45,Very High,2022
RP,16,John O'Reilly,26,R,R,35,40,55,55,35,40,94-96 Mph,35,GB,45,Very High,2022
RP,45,Scott Oberg,32,R,R,45,50,65,50,45,55,95-97 Mph,30,EX GB,60,Very High,2022
RP,48,Steven Okert,30,L,L,45,60,40,55,65,55,93-95 Mph,30,NEU,55,Very High,2022
RP,12,Corey Oswalt,28,R,R,40,50,35,60,50,50,92-94 Mph,45,NEU,55,Very High,2022
RP,15,Andy Otero,29,L,L,45,50,45,55,50,50,89-91 Mph,45,GB,55,Very High,2022
RP,0,Adam Ottavino,36,S,R,45,65,65,40,60,65,96-98 Mph,30,NEU,40,Very High,2022
RP,56,Connor Overton,28,R,R,40,45,45,50,45,50,91-93 Mph,45,NEU,45,Very High,2022
RP,59,Johan Oviedo,24,R,R,40,55,55,40,50,55,95-97 Mph,55,GB,50,Very High,2022
RP,12,Emilio Pagan,30,L,R,50,60,40,55,60,65,95-97 Mph,30,EX FB,50,Very High,2022
RP,64,Joe Palumbo,27,L,L,20,55,40,35,55,55,93-95 Mph,45,NEU,55,Very High,2022
RP,9,Drew Parrish,24,L,L,40,50,45,50,50,50,89-91 Mph,50,FB,60,Very High,2022
RP,54,Joel Payamps,27,R,R,40,45,50,60,40,50,95-97 Mph,35,NEU,50,Very High,2022
RP,58,Cionel Perez,25,L,L,35,55,50,40,60,50,96-98 Mph,35,GB,60,Very High,2022
RP,39,Oliver Perez,40,L,L,50,55,50,70,65,50,90-92 Mph,25,NEU,55,Very High,2022
RP,52,Dillon Peters,29,L,L,45,50,45,50,50,50,92-94 Mph,60,NEU,55,Very High,2022
RP,23,David Peterson,26,L,L,40,50,50,45,50,45,92-94 Mph,55,EX GB,55,Very High,2022
RP,35,David Phelps,35,R,R,45,55,45,50,55,55,93-95 Mph,30,NEU,60,Very High,2022
RP,45,Konnor Pilkington,24,L,L,45,50,45,45,55,50,92-94 Mph,60,NEU,55,Very High,2022
RP,15,Drew Pomeranz,33,R,L,50,65,60,40,65,65,94-96 Mph,30,NEU,55,Very High,2022
RP,64,Sean Poppen,28,R,R,45,55,60,45,50,55,94-96 Mph,35,EX GB,45,Very High,2022
RP,33,David Price,36,L,L,50,55,45,55,55,50,93-95 Mph,45,NEU,60,Very High,2022
RP,65,Jose Quijada,26,L,L,50,70,50,40,70,70,94-96 Mph,30,FB,60,Very High,2022
RP,21,Tanner Rainey,29,R,R,45,80,50,30,75,80,97-99 Mph,30,FB,50,Very High,2022
RP,30,Brooks Raley,33,L,L,50,55,70,50,60,55,91-93 Mph,30,NEU,65,Very High,2022
RP,24,Noe Ramirez,32,R,R,45,55,45,50,50,60,89-91 Mph,30,FB,55,Very High,2022
RP,72,Jake Reed,29,R,R,40,55,45,45,45,60,93-95 Mph,30,NEU,50,Very High,2022
RP,29,Alex Reyes,27,R,R,50,75,50,35,70,80,97-99 Mph,30,FB,55,Very High,2022
RP,33,Trevor Richards,28,R,R,50,60,40,50,60,65,93-95 Mph,35,FB,45,Very High,2022
RP,88,Stephen Ridings,26,R,R,50,60,45,45,55,65,97-99 Mph,35,NEU,50,Very High,2022
RP,7,Ethan Roberts,24,R,R,50,55,50,50,50,60,93-95 Mph,30,NEU,45,Very High,2022
RP,37,David Robertson,36,R,R,50,60,55,45,60,65,92-94 Mph,30,NEU,50,Very High,2022
RP,57,Hansel Robles,31,R,R,40,55,45,45,50,55,97-99 Mph,30,NEU,55,Very High,2022
RP,30,Joely Rodriguez,30,L,L,50,60,65,45,65,60,94-96 Mph,30,EX GB,45,Very High,2022
RP,65,Josh Rogers,27,L,L,35,40,45,65,45,35,89-91 Mph,65,FB,55,Very High,2022
RP,50,Jhon Romero,27,R,R,50,55,55,55,50,60,92-94 Mph,30,EX FB,55,Very High,2022
RP,54,Sergio Romo,39,R,R,45,55,45,50,50,60,85-87 Mph,30,FB,50,Very High,2022
RP,93,Michael Rucker,27,R,R,45,55,45,50,55,55,92-94 Mph,40,NEU,50,Very High,2022
RP,66,Jose Ruiz,27,R,R,40,55,45,45,55,55,97-99 Mph,30,NEU,65,Very High,2022
RP,65,Casey Sadler,31,R,R,45,50,45,55,50,55,93-95 Mph,35,GB,55,Very High,2022
RP,52,Nick Sandlin,25,R,R,50,65,60,40,55,75,94-96 Mph,30,NEU,45,Very High,2022
RP,30,Cole Sands,24,R,R,40,55,45,40,50,60,93-95 Mph,50,FB,50,Very High,2022
RP,19,Dennis Santana,25,R,R,40,60,60,40,55,65,96-98 Mph,35,GB,55,Very High,2022
RP,18,Hirokazu Sawamura,34,R,R,45,60,55,40,60,65,96-98 Mph,30,NEU,60,Very High,2022
RP,66,Josh Sborz,28,R,R,50,65,45,45,60,65,97-99 Mph,30,NEU,50,Very High,2022
RP,86,Clarke Schmidt,26,R,R,50,55,55,50,50,55,93-95 Mph,55,EX GB,55,Very High,2022
RP,46,John Schreiber,28,R,R,40,50,45,50,40,55,90-92 Mph,40,NEU,50,Very High,2022
RP,66,Tanner Scott,27,R,L,50,70,70,35,80,65,97-99 Mph,30,EX GB,45,Very High,2022
RP,67,Connor Seabold,26,R,R,20,30,40,50,30,30,91-93 Mph,50,FB,55,Very High,2022
RP,37,Paul Sewald,31,R,R,55,65,40,60,50,75,93-95 Mph,30,EX FB,55,Very High,2022
RP,27,Bryan Shaw,34,S,R,40,55,55,40,50,55,95-97 Mph,30,NEU,40,Very High,2022
RP,34,Jordan Sheffield,26,R,R,40,60,60,40,55,60,97-99 Mph,30,NEU,50,Very High,2022
RP,71,Ryan Sherriff,31,L,L,40,50,75,40,60,45,92-94 Mph,30,NEU,55,Very High,2022
RP,43,Chasen Shreve,31,L,L,40,55,45,45,55,55,92-94 Mph,30,FB,50,Very High,2022
RP,39,Lucas Sims,27,R,R,60,80,45,40,80,80,95-97 Mph,30,EX FB,50,Very High,2022
RP,31,Devin Smeltzer,26,R,L,40,45,45,60,50,45,89-91 Mph,50,FB,60,Very High,2022
RP,22,Caleb Smith,30,R,L,45,60,40,40,65,60,92-94 Mph,55,EX FB,55,Very High,2022
RP,38,Joe Smith,38,R,R,45,45,50,75,40,50,86-88 Mph,30,GB,70,Very High,2022
RP,46,Riley Smith,27,R,R,35,40,45,60,40,40,93-95 Mph,45,NEU,60,Very High,2022
RP,51,Will Smith,32,R,L,55,70,45,50,75,65,93-95 Mph,30,EX FB,75,Very High,2022
RP,81,Kirby Snead,27,L,L,45,55,50,45,60,55,90-92 Mph,30,EX GB,65,Very High,2022
RP,40,Collin Snider,26,R,R,45,55,60,50,45,60,95-97 Mph,30,GB,45,Very High,2022
RP,86,Bennett Sousa,26,L,L,45,55,45,55,60,55,94-96 Mph,30,NEU,65,Very High,2022
RP,67,Gabe Speier,26,L,L,45,50,55,55,55,50,93-95 Mph,30,GB,50,Very High,2022
RP,59,Jeffrey Springs,29,L,L,65,70,50,45,75,70,94-96 Mph,30,FB,70,Very High,2022
RP,34,Craig Stammen,38,R,R,50,50,65,70,45,50,92-94 Mph,30,EX GB,40,Very High,2022
RP,45,Ryne Stanek,30,R,R,50,70,45,40,65,70,98-100 Mph,30,EX FB,55,Very High,2022
RP,61,Cody Stashak,27,R,R,55,60,45,50,60,65,91-93 Mph,35,EX FB,50,Very High,2022
RP,63,Josh Staumont,28,R,R,45,65,60,40,65,65,97-99 Mph,30,FB,45,Very High,2022
RP,16,Drew Steckenrider,31,R,R,45,50,55,60,45,50,94-96 Mph,30,NEU,55,Very High,2022
RP,37,Trevor Stephan,26,R,R,45,65,40,40,60,70,96-98 Mph,45,FB,55,Very High,2022
RP,29,Robert Stephenson,29,R,R,45,60,45,45,55,65,96-98 Mph,30,FB,60,Very High,2022
RP,55,Matt Strahm,30,R,L,50,50,45,70,55,50,93-95 Mph,35,FB,50,Very High,2022
RP,46,Chris Stratton,31,R,R,45,55,50,45,50,55,93-95 Mph,35,NEU,55,Very High,2022
RP,54,Hunter Strickland,33,R,R,40,55,45,45,55,55,95-97 Mph,30,FB,55,Very High,2022
RP,65,Spencer Strider,23,R,R,60,65,45,45,60,70,97-99 Mph,45,EX FB,45,Very High,2022
RP,48,Ross Stripling,32,R,R,45,50,45,60,50,50,92-94 Mph,50,NEU,55,Very High,2022
RP,85,Drew Strotman,25,R,R,45,55,60,45,50,55,95-97 Mph,50,GB,40,Very High,2022
RP,75,Robert Suarez,31,R,R,55,55,55,60,50,60,96-98 Mph,30,NEU,55,Very High,2022
RP,35,Brent Suter,32,L,L,50,50,50,65,60,45,87-89 Mph,35,NEU,65,Very High,2022
RP,18,Devin Sweet,25,S,R,45,50,40,55,50,55,93-95 Mph,45,EX FB,50,Very High,2022
RP,3,Domingo Tapia,30,R,R,35,45,60,40,40,50,95-97 Mph,35,GB,50,Very High,2022
RP,38,Josh Taylor,29,L,L,50,60,55,45,70,60,94-96 Mph,30,NEU,55,Very High,2022
RP,52,Ryan Tepera,34,R,R,55,60,50,50,60,60,94-96 Mph,30,NEU,55,Very High,2022
RP,71,Mason Thompson,24,R,R,45,60,60,40,50,60,96-98 Mph,35,EX GB,45,Very High,2022
RP,81,Ryan Thompson,29,R,R,45,50,45,65,40,55,90-92 Mph,30,EX GB,65,Very High,2022
RP,48,Tyler Thornburg,33,R,R,40,60,45,40,60,60,92-94 Mph,30,EX FB,50,Very High,2022
RP,57,Trent Thornton,28,R,R,45,55,45,55,55,50,93-95 Mph,40,NEU,55,Very High,2022
RP,43,Lewis Thorpe,26,R,L,40,45,45,50,50,45,90-92 Mph,55,NEU,70,Very High,2022
RP,56,Justin Topa,31,R,R,40,45,50,55,40,45,97-99 Mph,30,EX GB,50,Very High,2022
RP,7,Noe Toribio,22,R,R,35,40,50,50,40,40,93-95 Mph,50,GB,50,Very High,2022
RP,49,Blake Treinen,33,R,R,65,60,75,55,60,65,97-99 Mph,30,EX GB,55,Very High,2022
RP,62,Lou Trivino,30,R,R,45,60,60,40,60,60,96-98 Mph,30,NEU,50,Very High,2022
RP,92,Edwin Uceta,24,R,R,45,60,50,40,60,60,93-95 Mph,40,FB,50,Very High,2022
RP,56,Duane Underwood Jr.,27,R,R,40,55,45,50,55,55,94-96 Mph,35,NEU,55,Very High,2022
RP,8,Chris Vallimont,25,R,R,40,60,45,35,60,60,93-95 Mph,55,EX FB,50,Very High,2022
RP,62,Andrew Vasquez,28,L,L,40,65,45,40,65,65,89-91 Mph,30,EX GB,55,Very High,2022
RP,30,Antonio Velez,25,L,L,30,45,40,65,40,45,91-93 Mph,40,FB,55,Very High,2022
RP,34,Drew VerHagen,31,R,R,35,50,40,50,45,50,93-95 Mph,55,NEU,55,Very High,2022
RP,51,Alex Vesia,25,L,L,55,75,45,40,80,70,94-96 Mph,30,EX FB,50,Very High,2022
RP,19,Will Vest,26,R,R,40,45,60,45,45,50,94-96 Mph,30,EX GB,50,Very High,2022
RP,51,Austin Voth,29,R,R,40,50,40,50,50,50,94-96 Mph,35,FB,55,Very High,2022
RP,52,Michael Wacha,30,R,R,50,50,40,60,50,50,94-96 Mph,60,EX FB,55,Very High,2022
RP,18,Jake Walsh,26,R,R,45,55,45,50,55,55,95-97 Mph,35,EX FB,25,Very High,2022
RP,28,Andrew Wantz,26,R,R,45,60,40,45,55,60,93-95 Mph,40,EX FB,50,Very High,2022
RP,61,Austin Warren,26,R,R,45,60,65,45,55,60,95-97 Mph,35,EX GB,50,Very High,2022
RP,71,Jacob Webb,28,R,R,45,55,45,45,55,55,94-96 Mph,30,FB,55,Very High,2022
RP,48,J.B. Wendelken,29,R,R,45,55,45,45,50,55,95-97 Mph,30,NEU,55,Very High,2022
RP,66,Mitch White,27,R,R,50,60,45,50,55,65,94-96 Mph,45,NEU,50,Very High,2022
RP,38,Kodi Whitley,27,R,R,45,60,50,45,55,60,94-96 Mph,35,FB,40,Very High,2022
RP,38,Brad Wieck,30,L,L,45,65,45,40,70,65,92-94 Mph,30,EX FB,50,Very High,2022
RP,38,Devin Williams,27,R,R,70,80,65,35,80,80,95-97 Mph,30,NEU,40,Very High,2022
RP,29,Trevor Williams,29,R,R,45,50,40,55,45,50,92-94 Mph,55,NEU,60,Very High,2022
RP,34,Justin Wilson,34,L,L,45,60,60,40,60,60,94-96 Mph,30,NEU,45,Very High,2022
RP,36,Josh Winder,25,R,R,50,50,45,60,50,50,95-97 Mph,50,EX FB,55,Very High,2022
RP,37,Matt Wisler,29,R,R,55,60,45,55,55,70,91-93 Mph,35,FB,50,Very High,2022
RP,30,Nick Wittgren,30,R,R,45,55,45,60,55,55,93-95 Mph,30,NEU,70,Very High,2022
RP,40,Jake Woodford,25,R,R,40,50,45,45,45,50,93-95 Mph,55,NEU,45,Very High,2022
RP,50,Miguel Yajure,23,R,R,40,45,45,50,45,45,92-94 Mph,50,NEU,45,Very High,2022
RP,39,Kirby Yates,35,L,R,65,70,50,50,65,75,93-95 Mph,30,NEU,35,Very High,2022
RP,53,Tyler Zuber,26,R,R,35,55,45,40,55,55,95-97 Mph,30,FB,45,Very High,2022
RP,48,José Álvarez,32,L,L,40,45,60,55,50,45,91-93 Mph,30,GB,50,Very High,2022
CL,68,Joe Barlow,26,R,R,50,70,45,40,70,70,96-98 Mph,30,FB,55,Very High,2022
CL,58,Scott Barlow,29,R,R,55,70,50,45,65,70,95-97 Mph,30,NEU,50,Very High,2022
CL,32,Matt Barnes,31,R,R,55,75,45,40,75,75,96-98 Mph,30,NEU,50,Very High,2022
CL,51,David Bednar,27,L,R,60,65,55,50,65,65,97-99 Mph,30,NEU,50,Very High,2022
CL,54,Aroldis Chapman,34,L,L,75,80,60,35,80,80,98-100 Mph,30,NEU,40,Very High,2022
CL,48,Emmanuel Clase,24,R,R,75,60,80,60,60,65,100+ Mph,30,EX GB,50,Very High,2022
CL,37,Alex Colomé,33,R,R,50,50,65,60,50,50,94-96 Mph,30,GB,55,Very High,2022
CL,39,Edwin Díaz,28,R,R,80,80,55,45,80,80,98-100 Mph,30,FB,45,Very High,2022
CL,67,Kyle Finnegan,30,R,R,50,55,65,45,55,60,96-98 Mph,30,GB,50,Very High,2022
CL,65,Giovanny Gallegos,30,R,R,70,65,50,60,60,70,95-97 Mph,30,EX FB,60,Very High,2022
CL,71,Josh Hader,27,L,L,80,80,55,45,80,80,96-98 Mph,30,EX FB,50,Very High,2022
CL,31,Liam Hendriks,33,R,R,80,80,45,60,75,80,98-100 Mph,30,EX FB,40,Very High,2022
CL,32,Raisel Iglesias,32,R,R,80,75,55,60,75,80,97-99 Mph,30,NEU,45,Very High,2022
CL,74,Kenley Jansen,34,S,R,70,70,45,50,70,75,94-96 Mph,30,FB,35,Very High,2022
CL,46,Craig Kimbrel,33,R,R,70,80,45,45,80,80,97-99 Mph,30,EX FB,45,Very High,2022
CL,36,Andrew Kittredge,32,R,R,65,60,60,75,55,60,96-98 Mph,35,GB,50,Very High,2022
CL,23,Corey Knebel,30,R,R,60,70,55,45,65,75,96-98 Mph,30,NEU,35,Very High,2022
CL,17,Jake McGee,35,L,L,50,50,45,70,60,50,95-97 Mph,30,FB,40,Very High,2022
CL,34,Mark Melancon,37,R,R,50,50,75,60,45,50,92-94 Mph,30,EX GB,50,Very High,2022
CL,75,Andres Munoz,23,R,R,50,70,55,40,65,75,99-101 Mph,30,NEU,50,Very High,2022
CL,55,Ryan Pressly,33,R,R,75,65,55,60,65,70,95-97 Mph,30,GB,50,Very High,2022
CL,33,A.J. Puk,26,L,L,55,65,55,45,75,60,97-99 Mph,40,NEU,50,Very High,2022
CL,17,Taylor Rogers,31,L,L,80,65,70,65,80,60,95-97 Mph,30,GB,60,Very High,2022
CL,68,Jordan Romano,28,R,R,65,70,55,45,60,75,97-99 Mph,30,NEU,55,Very High,2022
CL,65,Gregory Soto,27,L,L,45,70,60,35,80,65,98-100 Mph,30,GB,50,Very High,2022
CL,54,Cole Sulser,32,R,R,50,60,45,45,60,60,93-95 Mph,30,FB,50,Very High,2022
CL,55,Dillon Tate,27,R,R,45,50,70,60,45,55,96-98 Mph,35,EX GB,50,Very High,2022
CL,56,Caleb Thielbar,35,R,L,50,60,45,55,65,60,92-94 Mph,30,EX FB,60,Very High,2022
CL,77,Art Warren,29,R,R,55,65,60,45,60,75,95-97 Mph,30,GB,60,Very High,2022
CL,50,Rowan Wick,29,L,R,50,70,55,40,70,65,95-97 Mph,30,NEU,45,Very High,2022
SP,60,Joan Adon,24,R,R,50,55,55,45,50,55,96-98 Mph,55,NEU,55,Very High,2023
SP,22,Sandy Alcantara,27,R,R,60,55,55,55,50,55,98-100 Mph,65,NEU,50,Very High,2023
SP,70,Tyler Alexander,28,R,L,40,45,35,70,50,40,91-93 Mph,55,EX FB,55,Very High,2023
SP,73,Adbert Alzolay,28,R,R,55,55,45,55,50,60,94-96 Mph,55,NEU,65,Very High,2023
SP,36,Ian Anderson,24,R,R,55,55,60,45,55,55,95-97 Mph,60,NEU,45,Very High,2023
SP,31,Tyler Anderson,33,L,L,45,50,40,60,45,50,90-92 Mph,65,FB,60,Very High,2023
SP,26,Aaron Ashby,24,R,L,55,65,60,40,65,65,92-94 Mph,45,EX GB,50,Very High,2023
SP,51,Graham Ashcraft,25,L,R,55,55,65,50,50,60,97-99 Mph,55,EX GB,50,Very High,2023
SP,68,Manny Banuelos,32,R,L,45,50,45,45,50,50,92-94 Mph,45,NEU,65,Very High,2023
SP,53,Jaime Barria,26,R,R,40,40,45,60,35,40,93-95 Mph,55,NEU,65,Very High,2023
SP,4,Chris Bassitt,34,R,R,55,50,50,55,50,50,93-95 Mph,60,NEU,50,Very High,2023
SP,11,Shane Baz,23,R,R,75,65,65,60,60,65,97-99 Mph,60,NEU,55,Very High,2023
SP,17,Jose Berrios,28,R,R,60,55,50,60,55,55,94-96 Mph,65,NEU,50,Very High,2023
SP,57,Shane Bieber,27,R,R,70,70,45,60,65,70,93-95 Mph,65,FB,50,Very High,2023
SP,58,Paul Blackburn,29,R,R,45,40,45,60,40,45,91-93 Mph,55,EX GB,55,Very High,2023
SP,48,Matthew Boyd,32,L,L,55,55,45,60,60,55,92-94 Mph,65,EX FB,65,Very High,2023
SP,6,Matt Brash,24,R,R,50,55,50,45,50,60,93-95 Mph,55,NEU,45,Very High,2023
SP,50,Kris Bubic,25,L,L,45,45,55,50,45,45,91-93 Mph,55,NEU,60,Very High,2023
SP,21,Walker Buehler,28,R,R,65,60,60,65,55,60,96-98 Mph,65,GB,50,Very High,2023
SP,40,Madison Bumgarner,33,R,L,45,45,45,65,45,45,91-93 Mph,75,FB,55,Very High,2023
SP,39,Corbin Burnes,28,R,R,80,70,70,55,65,75,96-98 Mph,55,GB,45,Very High,2023
SP,59,Carlos Carrasco,36,R,R,55,55,45,60,55,55,93-95 Mph,55,NEU,65,Very High,2023
SP,58,Luis Castillo,30,R,R,60,55,70,45,50,60,97-99 Mph,60,EX GB,50,Very High,2023
SP,84,Dylan Cease,27,R,R,60,65,50,45,65,70,97-99 Mph,50,FB,45,Very High,2023
SP,52,Mike Clevinger,32,R,R,60,55,55,50,55,60,95-97 Mph,65,NEU,55,Very High,2023
SP,38,Alex Cobb,35,R,R,50,50,45,55,45,50,91-93 Mph,60,EX GB,50,Very High,2023
SP,45,Gerrit Cole,32,R,R,80,70,55,60,65,75,97-99 Mph,65,FB,30,Very High,2023
SP,59,Roansy Contreras,23,R,R,55,50,50,55,50,50,96-98 Mph,50,NEU,50,Very High,2023
SP,46,Patrick Corbin,33,L,L,45,50,45,50,55,50,93-95 Mph,55,NEU,75,Very High,2023
SP,32,William Cuevas,32,S,R,50,50,45,55,50,50,89-91 Mph,60,FB,50,Very High,2023
SP,11,Yu Darvish,36,R,R,55,55,45,55,55,60,92-94 Mph,65,FB,30,Very High,2023
SP,7,Jacob deGrom,34,L,R,80,70,60,65,65,75,99-101 Mph,70,NEU,60,Very High,2023
SP,26,Anthony DeSclafani,32,R,R,55,50,45,60,50,50,94-96 Mph,65,NEU,50,Very High,2023
SP,56,Zach Eflin,28,R,R,55,45,50,70,45,50,93-95 Mph,55,NEU,55,Very High,2023
SP,17,Nathan Eovaldi,33,R,R,55,55,40,65,55,55,97-99 Mph,65,EX FB,75,Very High,2023
SP,70,Anderson Espinoza,25,R,R,45,55,50,45,55,60,94-96 Mph,40,NEU,60,Very High,2023
SP,64,Caleb Ferguson,26,R,L,55,70,45,50,65,70,93-95 Mph,35,NEU,40,Very High,2023
SP,22,Jack Flaherty,27,R,R,65,60,45,60,60,65,94-96 Mph,65,FB,50,Very High,2023
SP,77,Chris Flexen,28,R,R,45,40,45,60,40,45,93-95 Mph,60,FB,55,Very High,2023
SP,54,Max Fried,29,L,L,65,50,70,65,55,50,94-96 Mph,60,NEU,75,Very High,2023
SP,23,Zac Gallen,27,R,R,60,55,60,55,55,55,93-95 Mph,55,GB,45,Very High,2023
SP,32,Ryan Garcia,25,R,R,55,55,50,55,50,60,92-94 Mph,55,FB,45,Very High,2023
SP,34,Kevin Gausman,32,L,R,65,55,50,65,55,60,95-97 Mph,65,GB,45,Very High,2023
SP,55,Domingo Germán,30,R,R,50,60,40,55,60,60,95-97 Mph,60,NEU,55,Very High,2023
SP,44,Kyle Gibson,35,R,R,45,45,50,45,45,50,92-94 Mph,70,EX GB,55,Very High,2023
SP,36,Logan Gilbert,25,R,R,55,55,45,60,50,55,95-97 Mph,55,EX FB,45,Very High,2023
SP,27,Lucas Giolito,28,R,R,50,50,45,45,50,50,94-96 Mph,65,EX FB,50,Very High,2023
SP,20,Tyler Glasnow,29,L,R,75,70,50,50,70,75,97-99 Mph,50,GB,55,Very High,2023
SP,26,Tony Gonsolin,28,R,R,50,55,45,50,55,55,94-96 Mph,50,FB,55,Very High,2023
SP,7,MacKenzie Gore,24,L,L,50,55,55,45,60,55,94-96 Mph,60,FB,60,Very High,2023
SP,22,Jon Gray,31,R,R,50,55,50,45,55,60,95-97 Mph,65,GB,55,Very High,2023
SP,40,Josiah Gray,25,R,R,50,60,40,45,55,60,95-97 Mph,40,EX FB,50,Very High,2023
SP,54,Sonny Gray,33,R,R,55,60,50,50,55,60,93-95 Mph,70,GB,55,Very High,2023
SP,21,Hunter Greene,23,R,R,60,60,55,50,60,65,99-101 Mph,55,NEU,55,Very High,2023
SP,24,D.L. Hall,24,L,L,45,60,55,35,60,60,97-99 Mph,50,GB,60,Very High,2023
SP,28,Kyle Hendricks,33,R,R,40,40,40,70,40,40,87-89 Mph,65,NEU,50,Very High,2023
SP,12,Jordan Hicks,26,R,R,55,60,70,40,55,65,99-101 Mph,40,EX GB,50,Very High,2023
SP,89,Tanner Houck,26,R,R,55,55,55,50,50,60,95-97 Mph,50,NEU,50,Very High,2023
SP,48,Spencer Howard,26,R,R,50,55,50,45,55,55,94-96 Mph,55,NEU,35,Very High,2023
SP,19,Cole Irvin,29,L,L,45,40,45,65,40,40,91-93 Mph,65,FB,60,Very High,2023
SP,66,Daulton Jefferies,27,L,R,50,40,45,75,40,45,92-94 Mph,55,NEU,45,Very High,2023
SP,35,James Kaprielian,29,R,R,40,45,40,50,45,45,93-95 Mph,55,EX FB,50,Very High,2023
SP,6,Brad Keller,27,R,R,45,45,55,50,40,45,94-96 Mph,60,EX GB,35,Very High,2023
SP,23,Mitch Keller,26,R,R,45,50,50,45,50,55,94-96 Mph,55,NEU,45,Very High,2023
SP,29,Merrill Kelly,34,R,R,45,45,45,60,40,45,92-94 Mph,55,NEU,60,Very High,2023
SP,22,Clayton Kershaw,35,L,L,65,60,45,65,60,60,90-92 Mph,60,NEU,65,Very High,2023
SP,16,Yusei Kikuchi,31,L,L,50,50,45,50,55,50,95-97 Mph,60,GB,65,Very High,2023
SP,45,Caleb Kilian,25,R,R,50,45,45,65,45,45,93-95 Mph,50,NEU,50,Very High,2023
SP,34,Michael King,27,R,R,50,55,45,55,50,60,95-97 Mph,40,NEU,50,Very High,2023
SP,12,Nick Kingham,31,R,R,45,45,45,60,45,45,89-91 Mph,60,NEU,55,Very High,2023
SP,68,George Kirby,25,R,R,55,50,45,65,50,55,96-98 Mph,60,GB,50,Very High,2023
SP,34,Michael Kopech,26,R,R,60,70,50,40,60,75,97-99 Mph,45,NEU,50,Very High,2023
SP,29,Dinelson Lamet,30,R,R,55,65,55,45,60,65,95-97 Mph,35,NEU,55,Very High,2023
SP,52,Matthew Liberatore,23,L,L,50,50,50,60,50,50,93-95 Mph,60,NEU,55,Very High,2023
SP,34,Walker Lockett,28,R,R,40,45,40,65,45,45,93-95 Mph,50,NEU,45,Very High,2023
SP,49,Pablo Lopez,27,L,R,60,50,50,65,50,50,94-96 Mph,55,GB,60,Very High,2023
SP,33,Michael Lorenzen,31,R,R,50,50,60,45,50,50,97-99 Mph,50,GB,50,Very High,2023
SP,47,Joey Lucchesi,29,L,L,50,55,40,50,50,55,91-93 Mph,55,NEU,55,Very High,2023
SP,67,Seth Lugo,33,R,R,55,60,45,70,60,60,94-96 Mph,35,NEU,55,Very High,2023
SP,33,Lance Lynn,35,S,R,55,55,45,50,55,55,93-95 Mph,60,NEU,50,Very High,2023
SP,20,Kenta Maeda,34,R,R,55,50,50,55,45,55,91-93 Mph,65,NEU,50,Very High,2023
SP,30,Tyler Mahle,28,R,R,55,60,55,45,60,60,94-96 Mph,65,NEU,50,Very High,2023
SP,55,Sean Manaea,31,R,L,60,50,45,65,55,50,92-94 Mph,65,NEU,60,Very High,2023
SP,25,Matt Manning,25,R,R,45,45,55,50,45,50,94-96 Mph,55,NEU,60,Very High,2023
SP,6,Alek Manoah,25,R,R,55,60,50,50,55,70,94-96 Mph,55,NEU,55,Very High,2023
SP,48,German Marquez,28,R,R,60,55,55,55,55,55,95-97 Mph,65,GB,50,Very High,2023
SP,25,Corbin Martin,27,R,R,45,50,45,45,50,50,95-97 Mph,50,NEU,55,Very High,2023
SP,18,Carlos Martinez,31,R,R,50,50,45,55,50,55,93-95 Mph,50,NEU,50,Very High,2023
SP,22,Nick Martinez,32,L,R,50,45,65,50,45,45,91-93 Mph,60,NEU,55,Very High,2023
SP,18,Shane McClanahan,25,L,L,65,60,45,50,65,60,97-99 Mph,55,NEU,65,Very High,2023
SP,43,Lance McCullers Jr.,29,L,R,55,60,65,45,55,60,94-96 Mph,55,EX GB,55,Very High,2023
SP,11,Cole McDonald,26,L,R,50,65,65,35,60,70,91-93 Mph,50,EX GB,45,Very High,2023
SP,31,Collin McHugh,35,R,R,50,50,45,60,50,55,90-92 Mph,35,FB,60,Very High,2023
SP,49,Brendan McKay,27,L,L,50,55,50,50,50,55,93-95 Mph,45,NEU,65,Very High,2023
SP,47,John Means,29,L,L,50,50,40,65,50,50,93-95 Mph,60,EX FB,55,Very High,2023
SP,23,Max Meyer,24,L,R,55,55,60,50,50,55,96-98 Mph,50,GB,50,Very High,2023
SP,39,Miles Mikolas,34,R,R,50,45,45,75,40,45,93-95 Mph,70,GB,45,Very High,2023
SP,57,Ariel Miranda,34,L,L,55,55,50,50,60,50,90-92 Mph,60,FB,50,Very High,2023
SP,12,Casey Mize,25,R,R,50,50,50,60,50,50,94-96 Mph,60,NEU,55,Very High,2023
SP,47,Frankie Montas,30,R,R,60,55,60,55,50,60,96-98 Mph,60,GB,55,Very High,2023
SP,47,Jordan Montgomery,30,L,L,55,50,45,60,50,50,93-95 Mph,65,NEU,60,Very High,2023
SP,51,Eli Morgan,26,R,R,55,55,45,60,55,55,92-94 Mph,55,FB,45,Very High,2023
SP,74,Cody Morris,26,R,R,50,55,50,50,55,55,95-97 Mph,45,NEU,50,Very High,2023
SP,14,Charlie Morton,39,R,R,45,50,50,45,40,50,95-97 Mph,60,FB,50,Very High,2023
SP,22,Joe Musgrove,30,R,R,55,60,45,60,55,60,93-95 Mph,60,NEU,50,Very High,2023
SP,31,Aaron Nola,29,R,R,65,60,55,60,60,60,93-95 Mph,55,NEU,40,Very High,2023
SP,33,Ivan Nova,36,R,R,20,35,45,60,35,35,92-94 Mph,55,NEU,55,Very High,2023
SP,82,Bailey Ober,27,R,R,50,50,40,65,50,50,93-95 Mph,60,FB,45,Very High,2023
SP,36,Adam Oller,28,R,R,45,50,55,45,50,50,93-95 Mph,60,NEU,50,Very High,2023
SP,24,Nate Pearson,26,R,R,50,60,45,45,60,60,98-100 Mph,50,FB,50,Very High,2023
SP,51,Freddy Peralta,26,R,R,65,75,50,45,65,80,94-96 Mph,45,EX FB,60,Very High,2023
SP,28,Brandon Pfaadt,24,R,R,45,50,45,55,45,50,92-94 Mph,45,FB,45,Very High,2023
SP,37,Nick Pivetta,30,R,R,50,55,45,45,50,55,95-97 Mph,55,NEU,70,Very High,2023
SP,34,Zach Plesac,28,R,R,45,45,45,60,45,45,93-95 Mph,55,NEU,50,Very High,2023
SP,47,Cal Quantrill,28,L,R,45,45,50,55,45,45,95-97 Mph,55,NEU,50,Very High,2023
SP,57,Drew Rasmussen,27,R,R,60,60,60,45,55,60,97-99 Mph,45,GB,50,Very High,2023
SP,38,Robbie Ray,31,L,L,60,65,40,50,70,65,95-97 Mph,60,NEU,60,Very High,2023
SP,57,Eduardo Rodriguez,29,L,L,60,55,50,55,55,55,93-95 Mph,65,FB,55,Very High,2023
SP,18,Grayson Rodriguez,23,L,R,50,60,45,50,60,60,96-98 Mph,55,EX FB,55,Very High,2023
SP,32,Carlos Rodón,30,L,L,65,65,45,50,60,65,95-97 Mph,65,FB,45,Very High,2023
SP,28,Trevor Rogers,25,L,L,65,65,55,50,70,65,95-97 Mph,50,NEU,60,Very High,2023
SP,41,Joe Ryan,26,R,R,55,55,45,60,55,55,94-96 Mph,50,EX FB,50,Very High,2023
SP,99,Hyun-jin Ryu,36,R,L,45,35,50,70,35,35,89-91 Mph,55,GB,60,Very High,2023
SP,41,Chris Sale,34,L,L,70,65,45,60,75,60,94-96 Mph,55,NEU,60,Very High,2023
SP,61,Cristopher Sanchez,26,L,L,45,50,70,40,60,50,93-95 Mph,45,EX GB,60,Very High,2023
SP,45,Sixto Sanchez,24,R,R,55,50,50,65,50,50,96-98 Mph,50,NEU,50,Very High,2023
SP,43,Patrick Sandoval,26,L,L,50,60,45,45,60,60,93-95 Mph,50,GB,60,Very High,2023
SP,18,Max Scherzer,38,R,R,80,70,45,70,70,75,94-96 Mph,60,FB,60,Very High,2023
SP,40,Luis Severino,29,R,R,60,55,45,55,55,60,96-98 Mph,65,NEU,55,Very High,2023
SP,51,Brady Singer,26,R,R,45,50,45,45,45,55,94-96 Mph,55,NEU,45,Very High,2023
SP,29,Tarik Skubal,26,L,L,50,55,45,50,55,55,95-97 Mph,55,EX FB,55,Very High,2023
SP,74,Ethan Small,26,L,L,50,50,55,50,50,50,92-94 Mph,55,NEU,60,Very High,2023
SP,4,Blake Snell,30,L,L,60,65,45,40,70,65,95-97 Mph,60,NEU,55,Very High,2023
SP,40,Mike Soroka,25,R,R,60,50,60,70,45,50,92-94 Mph,70,GB,45,Very High,2023
SP,57,Glenn Sparkman,30,R,R,45,45,40,60,40,45,94-96 Mph,55,NEU,50,Very High,2023
SP,35,Justin Steele,27,L,L,45,50,55,45,55,50,93-95 Mph,55,NEU,60,Very High,2023
SP,53,Jonathan Stiever,25,R,R,50,50,40,65,50,50,93-95 Mph,55,FB,55,Very High,2023
SP,14,Stephen Strasburg,34,R,R,65,60,55,55,60,60,92-94 Mph,65,GB,50,Very High,2023
SP,0,Marcus Stroman,31,R,R,55,45,55,60,45,50,94-96 Mph,60,EX GB,50,Very High,2023
SP,54,Jose Suarez,25,L,L,50,50,50,50,55,50,92-94 Mph,55,NEU,55,Very High,2023
SP,55,Ranger Suarez,27,L,L,50,50,70,55,55,45,93-95 Mph,45,EX GB,45,Very High,2023
SP,34,Noah Syndergaard,30,L,R,55,50,55,60,50,50,92-94 Mph,60,EX GB,25,Very High,2023
SP,50,Jameson Taillon,31,R,R,55,50,45,60,50,55,94-96 Mph,65,NEU,45,Very High,2023
SP,56,Spencer Turnbull,30,R,R,50,50,60,45,50,55,94-96 Mph,55,GB,55,Very High,2023
SP,7,Julio Urias,26,L,L,70,60,50,70,60,60,94-96 Mph,50,EX FB,65,Very High,2023
SP,65,Jose Urquidy,27,R,R,50,50,45,65,45,50,93-95 Mph,55,FB,45,Very High,2023
SP,59,Framber Valdez,29,L,L,55,50,75,45,50,50,92-94 Mph,60,EX GB,65,Very High,2023
SP,70,Carlos Vargas,23,R,R,40,55,50,35,55,55,98-100 Mph,50,NEU,55,Very High,2023
SP,24,Randy Vasquez,24,R,R,50,55,65,50,50,55,93-95 Mph,45,EX GB,45,Very High,2023
SP,35,Justin Verlander,40,R,R,60,65,35,65,60,65,94-96 Mph,70,EX FB,55,Very High,2023
SP,62,Logan Webb,26,R,R,65,55,65,60,55,55,93-95 Mph,55,EX GB,45,Very High,2023
SP,68,Tyler Wells,28,R,R,50,50,45,65,50,55,95-97 Mph,40,EX FB,50,Very High,2023
SP,45,Zack Wheeler,32,L,R,70,55,75,65,50,55,97-99 Mph,60,GB,55,Very High,2023
SP,72,Garrett Whitlock,26,R,R,60,55,60,60,50,60,96-98 Mph,40,NEU,45,Very High,2023
SP,48,Bryse Wilson,25,R,R,45,45,45,60,40,45,93-95 Mph,55,NEU,50,Very High,2023
SP,76,Cole Winn,23,R,R,50,55,55,45,50,55,93-95 Mph,55,FB,40,Very High,2023
SP,57,Alex Wood,32,R,L,55,55,45,60,60,55,92-94 Mph,60,EX GB,65,Very High,2023
SP,53,Brandon Woodruff,30,L,R,70,60,55,60,60,60,96-98 Mph,65,NEU,50,Very High,2023
SP,30,Kyle Wright,27,R,R,65,55,75,60,55,55,95-97 Mph,60,EX GB,55,Very High,2023
SP,50,Miguel Yajure,24,R,R,50,45,50,55,45,50,92-94 Mph,50,NEU,45,Very High,2023
SP,29,Ryan Yarbrough,31,R,L,45,40,55,70,45,40,86-88 Mph,55,NEU,60,Very High,2023
RP,69,Albert Abreu,27,R,R,70,80,55,45,75,80,98-100 Mph,35,NEU,55,Very High,2023
RP,52,Bryan Abreu,25,R,R,45,70,65,30,65,75,97-99 Mph,40,NEU,55,Very High,2023
RP,68,Domingo Acevedo,29,R,R,45,55,45,55,50,60,95-97 Mph,35,EX FB,50,Very High,2023
RP,68,Miguel Aguilar,31,L,L,40,50,50,50,50,50,92-94 Mph,30,NEU,60,Very High,2023
RP,45,Keegan Akin,27,L,L,45,50,45,50,55,50,92-94 Mph,60,EX FB,55,Very High,2023
RP,9,Logan Allen,24,R,L,40,50,45,55,50,50,88-90 Mph,50,EX FB,55,Very High,2023
RP,54,Logan Allen,25,R,L,35,45,45,45,50,45,93-95 Mph,55,NEU,60,Very High,2023
RP,49,Jose Alvarado,27,L,L,45,70,70,30,80,65,99-101 Mph,25,EX GB,45,Very High,2023
RP,70,Nick Anderson,32,R,R,60,65,45,60,55,70,94-96 Mph,30,EX FB,50,Very High,2023
RP,70,Tejay Antone,29,R,R,50,65,45,45,60,70,95-97 Mph,45,GB,45,Very High,2023
RP,72,Victor Arano,28,R,R,45,60,50,45,55,65,95-97 Mph,30,FB,50,Very High,2023
RP,16,Chris Archer,34,R,R,50,60,40,45,60,65,93-95 Mph,55,EX FB,45,Very High,2023
RP,64,Shawn Armstrong,32,R,R,50,60,45,50,60,65,94-96 Mph,30,FB,60,Very High,2023
RP,49,Michel Baez,27,R,R,50,70,55,40,70,70,96-98 Mph,35,NEU,45,Very High,2023
RP,15,Homer Bailey,36,R,R,45,45,45,55,40,50,93-95 Mph,60,NEU,50,Very High,2023
RP,81,Jordan Balazovic,24,R,R,60,60,55,45,55,65,96-98 Mph,60,NEU,50,Very High,2023
RP,68,Joe Barlow,27,R,R,55,70,45,45,70,70,96-98 Mph,25,FB,55,Very High,2023
RP,58,Scott Barlow,30,R,R,55,65,50,45,60,70,95-97 Mph,30,NEU,55,Very High,2023
RP,32,Matt Barnes,32,R,R,55,75,45,45,75,75,96-98 Mph,30,NEU,50,Very High,2023
RP,55,Peyton Battenfield,25,R,R,55,60,50,60,60,55,94-96 Mph,45,NEU,50,Very High,2023
RP,51,David Bednar,28,L,R,60,65,55,50,65,65,97-99 Mph,30,NEU,50,Very High,2023
RP,68,Jalen Beeks,29,L,L,50,60,60,55,60,60,93-95 Mph,30,GB,60,Very High,2023
RP,17,Anthony Bender,28,R,R,45,55,65,45,50,60,96-98 Mph,35,GB,55,Very High,2023
RP,41,Joe Biagini,32,R,R,35,45,45,50,45,45,93-95 Mph,50,EX GB,40,Very High,2023
RP,52,Phil Bickford,27,R,R,45,55,45,60,50,55,92-94 Mph,30,NEU,50,Very High,2023
RP,96,Ronel Blanco,29,R,R,45,60,45,50,55,60,95-97 Mph,30,FB,55,Very High,2023
RP,35,Richard Bleier,35,L,L,45,40,60,80,45,35,87-89 Mph,30,EX GB,70,Very High,2023
RP,30,Ryan Borucki,28,L,L,45,60,55,40,75,55,95-97 Mph,40,NEU,60,Very High,2023
RP,51,Ben Bowden,28,L,L,45,65,45,40,65,60,93-95 Mph,30,EX FB,60,Very High,2023
RP,87,Jonathan Bowlan,26,R,R,45,50,45,55,45,55,93-95 Mph,55,NEU,45,Very High,2023
RP,61,Silvino Bracho,30,R,R,45,55,45,50,50,60,93-95 Mph,30,EX FB,40,Very High,2023
RP,39,Kyle Bradish,26,R,R,45,55,45,40,55,60,94-96 Mph,55,NEU,50,Very High,2023
RP,61,John Brebbia,32,L,R,50,65,40,55,55,70,92-94 Mph,30,EX FB,55,Very High,2023
RP,59,Jake Brentz,28,L,L,35,55,45,40,60,55,97-99 Mph,30,GB,50,Very High,2023
RP,63,Beau Brieske,24,R,R,45,45,45,55,45,50,94-96 Mph,55,NEU,45,Very High,2023
RP,43,Jeff Brigham,31,R,R,40,50,50,45,50,55,95-97 Mph,30,EX FB,55,Very High,2023
RP,46,Jhony Brito,25,R,R,45,45,45,60,45,45,91-93 Mph,50,NEU,45,Very High,2023
RP,19,Kyle Brnovich,25,L,R,50,55,40,60,55,60,91-93 Mph,55,NEU,35,Very High,2023
RP,75,Connor Brogdon,28,R,R,50,60,45,50,60,55,96-98 Mph,30,FB,45,Very High,2023
RP,36,Aaron Brooks,32,R,R,45,40,60,60,40,45,92-94 Mph,60,GB,50,Very High,2023
RP,39,Aaron Bummer,29,L,L,55,65,80,45,75,60,95-97 Mph,30,EX GB,55,Very High,2023
RP,17,Tyler Burch,25,R,R,55,60,45,55,55,65,94-96 Mph,30,NEU,50,Very High,2023
RP,31,Ty Buttrey,29,L,R,45,50,45,55,50,55,96-98 Mph,30,NEU,60,Very High,2023
RP,92,Genesis Cabrera,26,L,L,50,65,65,45,65,60,98-100 Mph,35,FB,55,Very High,2023
RP,93,Gerardo Carrillo,24,R,R,40,50,55,40,45,50,98-100 Mph,55,NEU,50,Very High,2023
RP,56,Humberto Castellanos,24,R,R,40,40,45,60,40,45,90-92 Mph,50,NEU,50,Very High,2023
RP,63,Diego Castillo,29,R,R,55,60,45,55,55,65,96-98 Mph,30,EX GB,60,Very High,2023
RP,16,Jose Castillo,27,L,L,45,65,45,40,70,65,94-96 Mph,30,EX FB,55,Very High,2023
RP,58,Anthony Castro,27,R,R,45,55,55,50,55,55,95-97 Mph,35,GB,40,Very High,2023
RP,30,Miguel Castro,28,R,R,50,65,60,40,55,70,97-99 Mph,30,GB,55,Very High,2023
RP,85,Luis Cessa,30,R,R,45,50,55,50,45,50,94-96 Mph,35,GB,55,Very High,2023
RP,84,JT Chargois,32,S,R,45,55,50,45,50,60,96-98 Mph,30,NEU,55,Very High,2023
RP,63,Wandisson Charles,26,R,R,50,70,65,35,65,75,96-98 Mph,30,GB,50,Very High,2023
RP,90,Adam Cimber,32,R,R,40,40,70,65,30,50,85-87 Mph,30,EX GB,50,Very High,2023
RP,33,Steve Cishek,36,R,R,40,50,65,45,40,55,90-92 Mph,30,NEU,50,Very High,2023
RP,69,Jose Cisnero,33,R,R,40,55,60,40,50,55,97-99 Mph,30,NEU,40,Very High,2023
RP,12,Taylor Clarke,29,R,R,45,50,45,50,50,55,95-97 Mph,50,NEU,45,Very High,2023
RP,48,Emmanuel Clase,25,R,R,75,60,80,60,55,65,100+ Mph,25,EX GB,50,Very High,2023
RP,29,Franny Cobos,22,R,R,50,55,45,50,55,60,93-95 Mph,50,NEU,50,Very High,2023
RP,37,Alex Colomé,34,R,R,45,45,65,60,45,45,93-95 Mph,25,GB,55,Very High,2023
RP,50,Jimmy Cordero,31,R,R,45,45,80,50,45,50,97-99 Mph,25,EX GB,45,Very High,2023
RP,45,Jharel Cotton,31,R,R,45,55,45,40,55,55,93-95 Mph,60,NEU,55,Very High,2023
RP,53,Danny Coulombe,33,L,L,45,50,45,65,55,45,90-92 Mph,30,NEU,60,Very High,2023
RP,13,Kyle Crick,30,L,R,40,65,60,35,55,70,93-95 Mph,30,NEU,60,Very High,2023
RP,74,Nabil Crismatt,28,R,R,50,55,45,55,55,55,90-92 Mph,50,GB,60,Very High,2023
RP,45,Garrett Crochet,23,L,L,50,65,60,40,70,65,97-99 Mph,35,FB,50,Very High,2023
RP,29,Wil Crowe,28,R,R,45,55,45,45,50,55,93-95 Mph,60,NEU,45,Very High,2023
RP,60,Tyler Danish,28,R,R,45,55,45,55,50,55,89-91 Mph,40,EX GB,45,Very High,2023
RP,64,Tucker Davidson,27,L,L,45,55,60,40,60,55,93-95 Mph,45,EX GB,55,Very High,2023
RP,22,Grant Dayton,35,L,L,40,50,45,45,55,50,90-92 Mph,30,EX FB,55,Very High,2023
RP,87,Jose De Leon,30,R,R,45,65,45,35,65,70,94-96 Mph,40,FB,55,Very High,2023
RP,12,Yerry De Los Santos,25,R,R,50,55,60,45,50,60,95-97 Mph,30,GB,50,Very High,2023
RP,48,Reid Detmers,23,L,L,55,60,45,50,60,60,93-95 Mph,55,EX FB,80,Very High,2023
RP,43,Alexis Diaz,26,R,R,55,70,55,40,60,75,96-98 Mph,30,FB,50,Very High,2023
RP,17,Miguel Diaz,28,R,R,40,65,40,40,60,65,96-98 Mph,35,EX FB,50,Very High,2023
RP,31,Jake Diekman,36,L,L,45,65,60,40,80,60,95-97 Mph,30,NEU,60,Very High,2023
RP,71,Kyle Dohy,26,L,L,45,65,60,35,70,65,94-96 Mph,30,FB,60,Very High,2023
RP,58,Seranthony Dominguez,28,R,R,45,55,75,40,50,60,97-99 Mph,30,EX GB,55,Very High,2023
RP,63,Sean Doolittle,36,L,L,50,55,50,50,60,55,93-95 Mph,30,FB,50,Very High,2023
RP,75,Camilo Doval,25,R,R,55,70,75,40,60,80,98-100 Mph,30,GB,55,Very High,2023
RP,49,Oliver Drake,36,R,R,45,55,45,45,55,55,92-94 Mph,30,NEU,50,Very High,2023
RP,82,Daniel Duarte,26,R,R,40,55,55,45,50,55,94-96 Mph,30,NEU,60,Very High,2023
RP,21,Tyler Duffey,32,R,R,40,45,45,55,45,45,92-94 Mph,30,NEU,55,Very High,2023
RP,27,Danny Duffy,34,L,L,50,60,40,50,60,60,94-96 Mph,55,FB,55,Very High,2023
RP,59,Jhoan Duran,25,R,R,50,60,50,40,55,60,98-100 Mph,60,EX GB,50,Very High,2023
RP,58,Carl Edwards Jr.,31,R,R,40,60,50,35,60,60,94-96 Mph,30,NEU,55,Very High,2023
RP,57,Scott Effross,29,R,R,45,50,45,60,45,55,91-93 Mph,30,GB,45,Very High,2023
RP,53,Nic Enright,26,R,R,35,50,50,40,50,55,93-95 Mph,35,EX FB,50,Very High,2023
RP,5,Bailey Falter,25,R,L,40,50,40,60,50,50,92-94 Mph,40,NEU,55,Very High,2023
RP,31,Jeurys Familia,33,R,R,50,60,65,45,50,60,97-99 Mph,30,GB,40,Very High,2023
RP,38,Jake Faria,29,R,R,45,55,45,45,55,60,94-96 Mph,45,FB,50,Very High,2023
RP,50,Michael Feliz,29,R,R,45,55,45,45,50,60,94-96 Mph,30,FB,55,Very High,2023
RP,85,Julian Fernandez,27,R,R,50,60,45,50,60,60,99-101 Mph,25,EX FB,50,Very High,2023
RP,17,J.P. Feyereisen,30,R,R,50,60,70,40,60,65,93-95 Mph,30,NEU,55,Very High,2023
RP,69,Kyle Finnegan,31,R,R,50,55,60,45,55,60,96-98 Mph,30,NEU,50,Very High,2023
RP,46,Aaron Fletcher,27,L,L,40,45,55,55,50,40,93-95 Mph,35,EX GB,60,Very High,2023
RP,18,J.C. Flowers,24,R,R,45,50,45,45,50,55,92-94 Mph,50,NEU,50,Very High,2023
RP,20,Caleb Freeman,25,R,R,65,70,55,50,65,70,97-99 Mph,30,FB,45,Very High,2023
RP,44,Michael Fulmer,30,R,R,45,50,50,55,50,55,95-97 Mph,35,NEU,55,Very High,2023
RP,36,Kyle Funkhouser,29,R,R,45,60,60,40,55,65,95-97 Mph,40,NEU,55,Very High,2023
RP,93,Yimi Garcia,32,R,R,50,60,45,65,55,60,96-98 Mph,30,FB,60,Very High,2023
RP,66,Jarlín García,30,L,L,45,50,50,60,55,50,93-95 Mph,30,NEU,55,Very High,2023
RP,24,Amir Garrett,30,R,L,50,70,50,40,80,65,95-97 Mph,25,NEU,55,Very High,2023
RP,33,Sam Gaviglio,32,R,R,45,45,45,55,45,50,89-91 Mph,50,NEU,55,Very High,2023
RP,71,Logan Gillaspie,25,R,R,55,60,50,55,60,60,96-98 Mph,30,NEU,45,Very High,2023
RP,60,Mychal Givens,32,R,R,50,70,45,40,65,70,95-97 Mph,30,FB,55,Very High,2023
RP,26,Austin Gomber,29,L,L,45,50,45,50,55,50,91-93 Mph,55,NEU,50,Very High,2023
RP,7,Marco Gonzales,31,L,L,45,45,45,65,45,45,88-90 Mph,65,FB,60,Very High,2023
RP,49,Kendall Graveman,32,R,R,50,55,70,55,50,55,96-98 Mph,30,EX GB,60,Very High,2023
RP,57,Chad Green,31,L,R,60,65,45,60,60,65,96-98 Mph,35,EX FB,40,Very High,2023
RP,74,Josh Green,27,R,R,45,45,65,60,45,45,92-94 Mph,50,EX GB,45,Very High,2023
RP,52,Justin Grimm,34,R,R,45,60,45,45,60,65,95-97 Mph,30,FB,40,Very High,2023
RP,23,Norwith Gudino,27,R,R,50,60,45,45,65,60,92-94 Mph,45,EX FB,50,Very High,2023
RP,15,Deolis Guerra,33,R,R,45,55,45,50,55,55,91-93 Mph,25,FB,55,Very High,2023
RP,26,Javy Guerra,27,L,R,50,55,45,50,50,60,98-100 Mph,30,FB,40,Very High,2023
RP,6,Jesse Hahn,33,R,R,35,50,50,40,50,55,94-96 Mph,35,NEU,50,Very High,2023
RP,52,Brad Hand,33,L,L,45,55,50,50,65,55,93-95 Mph,30,FB,55,Very High,2023
RP,3,Brenan Hanifee,24,R,R,35,45,40,45,45,50,93-95 Mph,50,NEU,55,Very High,2023
RP,9,Will Harris,38,R,R,40,50,55,50,50,45,90-92 Mph,25,EX GB,40,Very High,2023
RP,19,Louis Head,32,R,R,45,55,50,50,50,55,94-96 Mph,30,NEU,45,Very High,2023
RP,28,Andrew Heaney,31,L,L,55,60,40,60,60,60,91-93 Mph,65,FB,55,Very High,2023
RP,53,Heath Hembree,34,R,R,45,65,40,45,60,75,96-98 Mph,25,EX FB,40,Very High,2023
RP,73,Cole Henry,23,R,R,50,55,45,60,55,55,95-97 Mph,45,NEU,50,Very High,2023
RP,31,Sam Hentges,26,L,L,45,50,50,45,55,50,94-96 Mph,55,NEU,50,Very High,2023
RP,16,Adrian Hernandez,23,R,R,60,70,50,45,70,70,92-94 Mph,35,FB,55,Very High,2023
RP,43,Carlos Hernandez,26,R,R,45,55,45,45,50,55,95-97 Mph,55,NEU,45,Very High,2023
RP,57,Elieser Hernandez,27,R,R,45,55,35,60,55,60,91-93 Mph,55,EX FB,45,Very High,2023
RP,65,Codi Heuer,26,R,R,55,55,60,55,50,60,96-98 Mph,30,NEU,40,Very High,2023
RP,39,Garrett Hill,27,R,R,45,50,45,55,45,50,91-93 Mph,55,FB,40,Very High,2023
RP,23,Jeff Hoffman,30,R,R,45,65,45,40,60,65,94-96 Mph,40,FB,55,Very High,2023
RP,40,Greg Holland,37,R,R,50,55,55,50,55,60,93-95 Mph,25,NEU,50,Very High,2023
RP,5,Gavin Hollowell,25,R,R,50,55,50,55,45,60,93-95 Mph,30,NEU,55,Very High,2023
RP,50,Grant Holmes,27,L,R,40,50,45,45,50,50,94-96 Mph,45,GB,50,Very High,2023
RP,45,Daniel Hudson,36,R,R,45,55,45,45,50,60,96-98 Mph,30,EX FB,45,Very High,2023
RP,29,Tommy Hunter,36,R,R,40,40,50,60,40,45,91-93 Mph,30,NEU,50,Very High,2023
RP,68,Jay Jackson,35,R,R,50,70,45,45,60,75,92-94 Mph,30,NEU,55,Very High,2023
RP,16,Kenley Jansen,35,S,R,50,60,45,55,55,60,94-96 Mph,30,FB,35,Very High,2023
RP,53,Cristian Javier,26,R,R,70,80,50,45,75,80,94-96 Mph,40,EX FB,45,Very High,2023
RP,21,Evan Johnson,26,R,R,50,75,50,40,75,75,93-95 Mph,35,FB,50,Very High,2023
RP,36,Pierce Johnson,31,R,R,45,65,45,40,65,65,95-97 Mph,30,EX FB,50,Very High,2023
RP,5,Tommy Kahnle,33,R,R,60,75,45,45,75,75,97-99 Mph,25,NEU,45,Very High,2023
RP,33,Kasey Kalich,24,R,R,60,80,55,40,70,80,95-97 Mph,30,FB,45,Very High,2023
RP,67,Rob Kaminsky,28,R,L,45,55,45,40,55,55,92-94 Mph,55,EX GB,55,Very High,2023
RP,36,Keone Kela,29,R,R,45,65,35,55,65,65,94-96 Mph,30,EX FB,60,Very High,2023
RP,17,Joe Kelly,34,R,R,55,60,80,45,55,65,98-100 Mph,30,EX GB,45,Very High,2023
RP,34,Ian Kennedy,38,R,R,50,60,40,55,55,60,94-96 Mph,30,EX FB,60,Very High,2023
RP,13,Dallas Keuchel,35,L,L,45,40,65,50,45,40,87-89 Mph,65,EX GB,60,Very High,2023
RP,46,Craig Kimbrel,34,R,R,65,80,45,45,80,80,97-99 Mph,30,EX FB,45,Very High,2023
RP,36,Andrew Kittredge,33,R,R,65,60,55,75,55,60,96-98 Mph,35,EX GB,50,Very High,2023
RP,47,Kevin Kopps,26,R,R,45,55,50,55,55,55,92-94 Mph,35,NEU,45,Very High,2023
RP,67,Max Kranick,25,R,R,40,45,45,55,45,45,94-96 Mph,50,NEU,50,Very High,2023
RP,64,Dean Kremer,27,R,R,45,55,45,50,55,55,93-95 Mph,50,EX FB,55,Very High,2023
RP,41,Chad Kuhl,30,R,R,45,60,45,45,55,60,95-97 Mph,65,NEU,45,Very High,2023
RP,55,Alex Lange,27,R,R,45,55,55,50,55,55,97-99 Mph,35,NEU,55,Very High,2023
RP,55,Eric Lauer,27,R,L,45,50,45,50,55,50,93-95 Mph,50,NEU,55,Very High,2023
RP,52,Dylan Lee,28,L,L,40,50,50,50,50,55,92-94 Mph,30,NEU,70,Very High,2023
RP,56,Dominic Leone,31,R,R,45,60,50,45,55,60,95-97 Mph,30,NEU,50,Very High,2023
RP,6,Artie Lewicki,30,R,R,45,45,60,60,40,45,92-94 Mph,50,NEU,55,Very High,2023
RP,46,Zack Littell,27,R,R,45,55,50,55,50,60,95-97 Mph,35,NEU,50,Very High,2023
RP,73,Sammy Long,27,L,L,45,55,45,45,55,50,93-95 Mph,60,NEU,60,Very High,2023
RP,48,Jorge Lopez,30,R,R,45,55,50,45,55,60,95-97 Mph,40,EX GB,55,Very High,2023
RP,22,Barrett Loseke,26,R,R,45,60,50,40,65,60,93-95 Mph,35,FB,40,Very High,2023
RP,35,Aaron Loup,35,L,L,50,50,70,60,55,50,92-94 Mph,25,EX GB,55,Very High,2023
RP,63,Lucas Luetge,36,L,L,40,50,45,60,55,50,89-91 Mph,30,EX GB,65,Very High,2023
RP,44,Jesus Luzardo,25,L,L,45,60,50,40,65,60,95-97 Mph,55,NEU,55,Very High,2023
RP,32,Jordan Lyles,32,R,R,40,45,40,55,45,50,93-95 Mph,60,EX FB,50,Very High,2023
RP,43,Evan Marshall,32,R,R,50,55,50,55,55,60,93-95 Mph,25,EX FB,45,Very High,2023
RP,12,Jose Marte,26,R,R,45,65,70,35,55,70,97-99 Mph,35,EX GB,40,Very High,2023
RP,59,Brett Martin,27,L,L,45,45,60,65,45,45,94-96 Mph,30,EX GB,60,Very High,2023
RP,58,Chris Martin,36,R,R,45,45,45,80,40,45,94-96 Mph,30,GB,55,Very High,2023
RP,46,Adrián Martínez,26,R,R,45,50,55,50,50,55,94-96 Mph,50,EX GB,50,Very High,2023
RP,88,Phil Maton,30,R,R,45,60,55,45,55,60,91-93 Mph,30,NEU,55,Very High,2023
RP,8,Steven Matz,31,R,L,50,50,45,55,55,50,95-97 Mph,55,GB,45,Very High,2023
RP,68,Tyler Matzek,32,L,L,60,70,80,40,75,65,96-98 Mph,25,NEU,50,Very High,2023
RP,65,Trevor May,33,R,R,60,65,45,50,65,70,96-98 Mph,30,FB,50,Very High,2023
RP,21,Mike Mayers,31,R,R,55,60,50,55,60,65,95-97 Mph,30,NEU,60,Very High,2023
RP,60,Tim Mayza,31,L,L,55,55,65,55,70,50,94-96 Mph,30,EX GB,55,Very High,2023
RP,22,Chris Mazza,33,R,R,45,50,45,55,45,55,90-92 Mph,45,GB,60,Very High,2023
RP,62,T.J. McFarland,33,L,L,40,35,60,65,40,35,89-91 Mph,30,EX GB,50,Very High,2023
RP,61,Kyle McGowin,31,R,R,45,55,45,50,50,60,91-93 Mph,30,NEU,45,Very High,2023
RP,34,Brian McKenna,30,R,R,45,55,60,45,50,60,97-99 Mph,30,FB,45,Very High,2023
RP,31,Humberto Mejia,26,R,R,40,45,45,50,45,50,92-94 Mph,50,FB,55,Very High,2023
RP,34,Mark Melancon,38,R,R,50,50,80,60,45,50,92-94 Mph,30,EX GB,50,Very High,2023
RP,67,Julian Merryweather,31,R,R,50,55,60,55,55,55,96-98 Mph,35,NEU,45,Very High,2023
RP,12,Bobby Miller,23,L,R,45,55,50,50,50,55,96-98 Mph,50,NEU,45,Very High,2023
RP,74,Tyson Miller,27,R,R,40,50,45,50,45,50,94-96 Mph,50,FB,55,Very High,2023
RP,30,Alec Mills,31,R,R,35,40,45,55,40,45,89-91 Mph,55,NEU,55,Very High,2023
RP,31,Mike Minor,35,R,L,40,45,40,60,50,45,91-93 Mph,55,FB,55,Very High,2023
RP,33,A.J. Minter,29,L,L,50,60,65,45,60,60,96-98 Mph,30,NEU,60,Very High,2023
RP,41,Anthony Misiewicz,28,R,L,45,50,50,65,50,50,95-97 Mph,35,NEU,45,Very High,2023
RP,47,Rafael Montero,32,R,R,50,50,55,60,45,55,95-97 Mph,30,NEU,60,Very High,2023
RP,32,Jovani Moran,25,L,L,50,70,65,40,70,70,92-94 Mph,35,NEU,55,Very High,2023
RP,55,Dauri Moreta,26,R,R,45,50,45,55,45,50,93-95 Mph,30,EX FB,50,Very High,2023
RP,45,Reyes Moronta,30,R,R,50,75,50,35,70,75,94-96 Mph,30,FB,55,Very High,2023
RP,75,Andres Munoz,24,R,R,60,70,65,40,65,75,99-101 Mph,30,GB,55,Very High,2023
RP,40,Jimmy Nelson,33,R,R,45,65,65,40,60,65,94-96 Mph,35,EX GB,30,Very High,2023
RP,57,Nick Nelson,27,R,R,45,60,60,35,60,60,96-98 Mph,45,GB,50,Very High,2023
RP,50,Hector Neris,33,R,R,50,65,45,45,60,70,94-96 Mph,30,NEU,50,Very High,2023
RP,4,Sean Newcomb,29,L,L,50,60,60,45,65,60,96-98 Mph,35,FB,55,Very High,2023
RP,40,Juan Nicasio,36,R,R,50,45,55,60,45,50,94-96 Mph,30,GB,45,Very High,2023
RP,26,Daniel Norris,29,L,L,45,55,50,45,60,55,93-95 Mph,30,GB,55,Very High,2023
RP,59,James Norwood,29,R,R,45,65,45,40,60,70,97-99 Mph,30,NEU,40,Very High,2023
RP,56,Darren O'Day,40,R,R,40,45,70,55,35,50,85-87 Mph,25,EX FB,45,Very High,2023
RP,35,Scott Oberg,33,R,R,45,50,65,50,45,55,95-97 Mph,30,EX GB,60,Very High,2023
RP,17,Jake Odorizzi,33,R,R,35,40,45,50,40,40,88-90 Mph,65,FB,60,Very High,2023
RP,48,Steven Okert,31,L,L,45,60,40,55,65,55,93-95 Mph,25,FB,55,Very High,2023
RP,2,Jon Olczak,29,R,R,45,50,45,55,45,50,91-93 Mph,35,FB,45,Very High,2023
RP,15,Reese Olson,23,R,R,45,50,50,45,50,50,94-96 Mph,55,NEU,45,Very High,2023
RP,14,Luis Ortiz,24,R,R,50,60,50,40,55,65,96-98 Mph,50,NEU,50,Very High,2023
RP,12,Corey Oswalt,29,R,R,40,50,35,60,50,50,92-94 Mph,45,NEU,55,Very High,2023
RP,27,Dillon Overton,31,L,L,40,40,45,60,40,45,88-90 Mph,60,FB,60,Very High,2023
RP,65,James Paxton,34,L,L,55,60,45,50,60,55,93-95 Mph,60,NEU,60,Very High,2023
RP,58,Wandy Peralta,31,L,L,40,50,55,45,60,50,95-97 Mph,30,EX GB,55,Very High,2023
RP,49,Angel Perdomo,28,L,L,45,75,45,30,80,75,94-96 Mph,35,FB,55,Very High,2023
RP,58,Cionel Perez,26,L,L,35,50,50,40,55,50,95-97 Mph,35,NEU,60,Very High,2023
RP,9,Francisco Perez,25,L,L,45,55,60,45,55,55,92-94 Mph,30,FB,55,Very High,2023
RP,39,Oliver Perez,41,L,L,45,45,45,65,55,45,90-92 Mph,25,NEU,55,Very High,2023
RP,22,Dillon Peters,30,L,L,40,50,40,55,50,50,92-94 Mph,60,NEU,55,Very High,2023
RP,45,Konnor Pilkington,25,L,L,45,50,45,45,55,50,92-94 Mph,60,NEU,55,Very High,2023
RP,38,Michael Pineda,34,R,R,50,50,40,70,45,50,91-93 Mph,60,EX FB,60,Very High,2023
RP,38,Colin Poche,29,L,L,55,70,40,50,75,65,92-94 Mph,30,EX FB,50,Very High,2023
RP,18,Drew Pomeranz,34,R,L,50,65,55,40,65,65,94-96 Mph,30,NEU,55,Very High,2023
RP,64,Sean Poppen,29,R,R,45,55,60,45,50,55,94-96 Mph,30,EX GB,45,Very High,2023
RP,10,Brooks Pounders,32,R,R,40,50,40,55,50,55,91-93 Mph,30,EX FB,55,Very High,2023
RP,3,David Price,37,L,L,45,50,45,55,55,50,92-94 Mph,40,NEU,60,Very High,2023
RP,84,Quinn Priester,22,R,R,50,55,60,45,55,55,97-99 Mph,55,GB,45,Very High,2023
RP,33,A.J. Puk,27,L,L,55,65,50,45,75,60,97-99 Mph,40,NEU,50,Very High,2023
RP,22,Jose Quijada,27,L,L,45,65,50,40,65,65,94-96 Mph,30,FB,60,Very High,2023
RP,21,Tanner Rainey,30,R,R,45,80,45,30,75,80,97-99 Mph,30,FB,50,Very High,2023
RP,4,Aldo Ramirez,21,R,R,45,45,55,55,45,50,92-94 Mph,55,NEU,50,Very High,2023
RP,12,Noe Ramirez,33,R,R,40,60,40,50,50,65,89-91 Mph,35,FB,50,Very High,2023
RP,61,Sean Reid-Foley,27,R,R,45,70,45,40,65,75,94-96 Mph,30,NEU,50,Very High,2023
RP,29,Alex Reyes,28,R,R,55,80,50,40,75,80,97-99 Mph,30,FB,55,Very High,2023
RP,33,Trevor Richards,29,R,R,50,65,40,50,60,65,93-95 Mph,35,FB,45,Very High,2023
RP,41,David Robertson,37,R,R,50,60,50,50,55,60,92-94 Mph,30,NEU,50,Very High,2023
RP,30,Joely Rodriguez,31,L,L,40,50,60,45,55,50,93-95 Mph,30,GB,45,Very High,2023
RP,19,Manuel Rodriguez,26,R,R,45,60,60,45,50,70,97-99 Mph,35,NEU,50,Very High,2023
RP,56,Seth Romero,26,L,L,45,55,50,45,65,55,92-94 Mph,40,NEU,60,Very High,2023
RP,23,Trevor Rosenthal,32,R,R,50,80,60,35,75,80,98-100 Mph,25,NEU,50,Very High,2023
RP,41,Joe Ross,29,R,R,60,60,45,55,55,60,94-96 Mph,60,NEU,55,Very High,2023
RP,4,Ramon Rosso,26,R,R,35,55,45,40,50,60,93-95 Mph,35,NEU,50,Very High,2023
RP,93,Michael Rucker,28,R,R,50,60,45,50,60,60,92-94 Mph,40,NEU,50,Very High,2023
RP,66,Jose Ruiz,28,R,R,40,55,45,45,55,55,97-99 Mph,30,NEU,65,Very High,2023
RP,7,Patrick Ruotolo,28,R,R,45,55,45,55,60,55,92-94 Mph,25,EX FB,55,Very High,2023
RP,65,Casey Sadler,32,R,R,45,50,45,55,50,55,93-95 Mph,35,GB,55,Very High,2023
RP,2,Miguel Sanchez,29,R,R,40,50,45,45,50,55,95-97 Mph,30,GB,50,Very High,2023
RP,19,Dennis Santana,26,R,R,55,60,60,50,55,65,97-99 Mph,35,GB,55,Very High,2023
RP,78,Gregory Santos,23,R,R,50,70,45,40,65,75,98-100 Mph,40,EX GB,55,Very High,2023
RP,22,Hirokazu Sawamura,34,R,R,45,60,55,40,60,65,96-98 Mph,30,GB,60,Very High,2023
RP,66,Josh Sborz,29,R,R,55,65,45,45,60,70,98-100 Mph,30,NEU,50,Very High,2023
RP,37,Paul Sewald,32,R,R,60,65,40,60,55,75,93-95 Mph,30,EX FB,55,Very High,2023
RP,34,Jordan Sheffield,27,R,R,45,60,65,40,55,60,97-99 Mph,25,NEU,50,Very High,2023
RP,31,Chase Silseth,22,R,R,50,55,45,55,55,60,96-98 Mph,45,NEU,40,Very High,2023
RP,31,Devin Smeltzer,27,R,L,40,45,40,60,50,45,89-91 Mph,50,FB,55,Very High,2023
RP,38,Joe Smith,39,R,R,45,45,55,70,35,50,86-88 Mph,25,EX GB,70,Very High,2023
RP,18,Will Smith,33,R,L,55,70,40,55,75,65,93-95 Mph,30,EX FB,75,Very High,2023
RP,81,Kirby Snead,28,L,L,45,55,55,45,65,55,90-92 Mph,30,EX GB,65,Very High,2023
RP,65,Gregory Soto,28,L,L,35,60,55,30,70,55,96-98 Mph,25,NEU,50,Very High,2023
RP,10,Craig Stammen,39,R,R,50,50,65,70,45,50,92-94 Mph,30,EX GB,40,Very High,2023
RP,37,Trevor Stephan,27,R,R,50,65,40,45,60,70,96-98 Mph,45,FB,55,Very High,2023
RP,7,Robert Stephenson,30,R,R,45,60,45,45,55,65,96-98 Mph,30,FB,60,Very High,2023
RP,32,Gavin Stone,24,R,R,45,55,45,45,55,60,93-95 Mph,45,NEU,40,Very High,2023
RP,55,Matt Strahm,31,R,L,45,50,45,75,50,50,93-95 Mph,30,NEU,50,Very High,2023
RP,46,Chris Stratton,32,R,R,45,55,45,45,50,55,93-95 Mph,30,NEU,55,Very High,2023
RP,65,Spencer Strider,24,R,R,70,70,50,45,65,75,97-99 Mph,50,FB,45,Very High,2023
RP,51,Ross Stripling,33,R,R,45,50,45,60,50,50,92-94 Mph,50,NEU,55,Very High,2023
RP,85,Drew Strotman,26,R,R,50,55,60,50,50,55,95-97 Mph,50,GB,40,Very High,2023
RP,75,Robert Suarez,32,R,R,50,55,55,60,50,60,96-98 Mph,30,GB,55,Very High,2023
RP,35,Brent Suter,33,L,L,45,50,50,60,55,45,87-89 Mph,35,GB,65,Very High,2023
RP,20,Devin Sweet,26,S,R,40,50,40,55,50,55,93-95 Mph,45,EX FB,50,Very High,2023
RP,55,Dillon Tate,28,R,R,45,50,65,60,45,55,96-98 Mph,35,EX GB,50,Very High,2023
RP,38,Josh Taylor,30,L,L,50,60,55,45,65,60,94-96 Mph,30,NEU,55,Very High,2023
RP,52,Ryan Tepera,35,R,R,55,65,50,55,65,65,94-96 Mph,30,FB,55,Very High,2023
RP,71,Keegan Thompson,28,R,R,45,55,45,45,55,55,95-97 Mph,55,FB,50,Very High,2023
RP,71,Mason Thompson,25,R,R,50,60,65,45,55,65,96-98 Mph,35,EX GB,45,Very High,2023
RP,39,Zach Thompson,29,R,R,45,50,45,50,50,50,92-94 Mph,60,NEU,40,Very High,2023
RP,57,Trent Thornton,29,R,R,45,50,40,55,55,50,93-95 Mph,40,FB,55,Very High,2023
RP,62,Touki Toussaint,26,R,R,50,65,45,40,70,65,93-95 Mph,55,NEU,50,Very High,2023
RP,92,Edwin Uceta,25,R,R,45,60,45,40,60,65,93-95 Mph,35,FB,50,Very High,2023
RP,71,Phillips Valdez,31,R,R,45,55,65,45,50,60,93-95 Mph,35,EX GB,55,Very High,2023
RP,8,Chris Vallimont,26,R,R,40,55,45,40,60,55,94-96 Mph,60,EX FB,50,Very High,2023
RP,21,Vince Velasquez,30,R,R,40,60,40,45,60,60,93-95 Mph,45,FB,55,Very High,2023
RP,34,Drew VerHagen,32,R,R,35,50,40,50,45,50,93-95 Mph,55,NEU,55,Very High,2023
RP,99,Taijuan Walker,30,R,R,50,55,45,50,55,60,95-97 Mph,65,NEU,55,Very High,2023
RP,28,Andrew Wantz,27,R,R,45,60,40,45,55,60,93-95 Mph,40,EX FB,50,Very High,2023
RP,77,Art Warren,30,R,R,60,70,60,45,60,75,95-97 Mph,25,GB,60,Very High,2023
RP,7,Luke Weaver,29,R,R,45,55,40,55,55,55,94-96 Mph,55,FB,65,Very High,2023
RP,62,Jack Weisenburger,25,R,R,50,70,50,35,60,80,94-96 Mph,30,EX FB,50,Very High,2023
RP,14,Ryan Weiss,26,R,R,45,50,50,50,50,55,92-94 Mph,35,FB,50,Very High,2023
RP,52,Alexander Wells,26,L,L,45,40,45,70,45,40,90-92 Mph,60,FB,50,Very High,2023
RP,24,Brendan White,24,R,R,40,45,50,50,40,45,90-92 Mph,50,NEU,45,Very High,2023
RP,66,Mitch White,28,R,R,55,60,45,50,55,65,94-96 Mph,50,NEU,50,Very High,2023
RP,50,Rowan Wick,30,L,R,45,65,50,40,65,65,95-97 Mph,30,NEU,45,Very High,2023
RP,38,Brad Wieck,31,L,L,45,65,45,40,70,65,92-94 Mph,30,EX FB,50,Very High,2023
RP,23,Zach Willeman,27,R,R,50,60,55,45,60,60,94-96 Mph,40,NEU,50,Very High,2023
RP,38,Devin Williams,28,R,R,70,80,65,35,80,80,95-97 Mph,30,NEU,40,Very High,2023
RP,35,Ryan Williams,31,R,R,35,40,45,60,35,40,90-92 Mph,55,NEU,50,Very High,2023
RP,29,Trevor Williams,30,R,R,45,50,40,55,45,50,92-94 Mph,55,NEU,60,Very High,2023
RP,36,Justin Wilson,35,L,L,45,55,65,40,55,55,94-96 Mph,30,NEU,45,Very High,2023
RP,73,Josh Winckowski,24,R,R,45,50,55,55,40,55,93-95 Mph,40,NEU,50,Very High,2023
RP,39,Josh Winder,26,R,R,50,50,45,65,50,50,95-97 Mph,50,EX FB,55,Very High,2023
RP,14,Matt Wisler,30,R,R,55,60,45,60,55,70,91-93 Mph,35,FB,50,Very High,2023
RP,7,Jake Woodford,26,R,R,40,45,45,45,45,50,93-95 Mph,55,NEU,45,Very High,2023
RP,39,Kirby Yates,36,L,R,35,45,50,45,45,50,89-91 Mph,25,NEU,35,Very High,2023
RP,19,Huascar Ynoa,24,R,R,55,65,35,50,60,75,97-99 Mph,55,FB,50,Very High,2023
RP,50,Bruce Zimmermann,28,L,L,45,50,50,50,50,45,92-94 Mph,60,NEU,50,Very High,2023
RP,41,Guillermo Zuniga,24,R,R,45,55,45,50,50,65,95-97 Mph,35,EX FB,50,Very High,2023
RP,48,José Álvarez,33,L,L,45,45,65,55,50,45,91-93 Mph,30,EX GB,50,Very High,2023
CL,37,Andrew Chafin,32,R,L,50,55,60,55,65,50,92-94 Mph,30,NEU,50,Very High,2023
CL,17,Aroldis Chapman,35,L,L,75,80,60,35,80,80,98-100 Mph,25,NEU,40,Very High,2023
CL,65,Dylan Coleman,26,R,R,65,70,60,45,60,75,96-98 Mph,30,NEU,45,Very High,2023
CL,54,Sam Coonrod,30,R,R,55,65,75,45,55,70,99-101 Mph,30,EX GB,45,Very High,2023
CL,5,Jake Cousins,28,R,R,60,70,60,50,60,75,96-98 Mph,30,GB,55,Very High,2023
CL,68,Jason Foley,27,R,R,50,60,65,45,55,65,97-99 Mph,30,EX GB,55,Very High,2023
CL,65,Giovanny Gallegos,31,R,R,70,65,50,60,60,70,95-97 Mph,30,EX FB,60,Very High,2023
CL,58,Ken Giles,32,R,R,55,70,45,55,65,70,96-98 Mph,30,NEU,45,Very High,2023
CL,3,J.T. Ginn,23,R,R,55,55,60,60,55,60,95-97 Mph,45,GB,45,Very High,2023
CL,48,Brusdar Graterol,24,R,R,75,70,65,60,65,75,99-101 Mph,35,EX GB,55,Very High,2023
CL,71,Josh Hader,28,L,L,80,80,55,45,80,80,96-98 Mph,30,EX FB,50,Very High,2023
CL,31,Liam Hendriks,34,R,R,80,80,50,65,75,80,98-100 Mph,30,FB,40,Very High,2023
CL,78,Jordan Holloway,26,R,R,55,65,65,40,65,65,96-98 Mph,45,GB,50,Very High,2023
CL,32,Raisel Iglesias,33,R,R,80,75,60,65,70,80,97-99 Mph,30,NEU,45,Very High,2023
CL,99,James Karinchak,27,R,R,75,80,55,40,80,80,96-98 Mph,25,NEU,50,Very High,2023
CL,85,Dustin May,25,R,R,65,60,55,60,55,60,98-100 Mph,50,EX GB,55,Very High,2023
CL,21,Nick Mikolajchak,25,R,R,65,70,45,60,70,70,93-95 Mph,30,EX FB,45,Very High,2023
CL,24,Carmen Mlodzinski,24,R,R,50,50,60,50,50,50,94-96 Mph,55,GB,45,Very High,2023
CL,3,Adrian Morejon,24,L,L,55,65,50,45,65,65,96-98 Mph,40,NEU,60,Very High,2023
CL,26,Ofelky Peralta,25,R,R,55,65,55,45,65,65,97-99 Mph,50,GB,50,Very High,2023
CL,55,Ryan Pressly,34,R,R,75,65,55,60,65,70,95-97 Mph,30,GB,50,Very High,2023
CL,17,Ethan Roberts,25,R,R,60,65,50,55,55,70,93-95 Mph,35,FB,45,Very High,2023
CL,17,Taylor Rogers,32,L,L,75,65,70,70,80,60,95-97 Mph,30,GB,55,Very High,2023
CL,68,Jordan Romano,29,R,R,65,70,50,50,60,75,97-99 Mph,25,NEU,55,Very High,2023
CL,49,Antonio Senzatela,28,R,R,50,45,65,60,45,45,95-97 Mph,60,EX GB,50,Very High,2023
CL,39,Lucas Sims,28,R,R,75,80,45,45,80,80,95-97 Mph,30,FB,50,Very High,2023
CL,59,Jeffrey Springs,30,L,L,65,70,45,45,75,70,94-96 Mph,30,FB,70,Very High,2023
CL,61,Cody Stashak,28,R,R,60,65,45,55,65,70,91-93 Mph,35,EX FB,50,Very High,2023
CL,9,Mitchell Stumpo,26,R,R,50,55,65,50,45,60,94-96 Mph,35,EX GB,50,Very High,2023
CL,13,Blake Treinen,34,R,R,65,60,75,55,60,60,97-99 Mph,30,EX GB,55,Very High,2023
CL,50,Nathan Webb,25,R,R,55,65,45,50,70,65,96-98 Mph,30,FB,50,Very High,2023
RF,17,Shohei Ohtani,28,L,R,80,65,55,50,60,65,97-99 Mph,45,NEU,50,Very High,2023
,,,,,,,,,,,,,,,,,
